<csw:GetRecordsResponse xmlns:csw="http://www.opengis.net/cat/csw/2.0.2" xmlns:xsi="http://www.w3.org/2001/XMLSchema-instance" xsi:schemaLocation="http://www.opengis.net/cat/csw/2.0.2 http://schemas.opengis.net/csw/2.0.2/CSW-discovery.xsd">
  <csw:SearchStatus timestamp="2012-12-18T15:15:53" />
  <csw:SearchResults numberOfRecordsMatched="1" numberOfRecordsReturned="1" elementSet="full" nextRecord="0">
    <gmd:MD_Metadata xmlns:gmd="http://www.isotc211.org/2005/gmd" xmlns:gml="http://www.opengis.net/gml" xmlns:gco="http://www.isotc211.org/2005/gco" xmlns:geonet="http://www.fao.org/geonetwork">
      <gmd:fileIdentifier xmlns:srv="http://www.isotc211.org/2005/srv">
        <gco:CharacterString xmlns:gmx="http://www.isotc211.org/2005/gmx">f9166636-b02a-446f-936f-432f0882ec39</gco:CharacterString>
      </gmd:fileIdentifier>
      <gmd:language>
        <gco:CharacterString>en</gco:CharacterString>
      </gmd:language>
      <gmd:hierarchyLevel>
        <gmd:MD_ScopeCode codeList="http://www.isotc211.org/2005/resources/codeList.xml#MD_ScopeCode" codeListValue="dataset" />
      </gmd:hierarchyLevel>
      <gmd:contact>
        <gmd:CI_ResponsibleParty>
          <gmd:individualName>
            <gco:CharacterString>Azhar Mahmood</gco:CharacterString>
          </gmd:individualName>
          <gmd:organisationName>
            <gco:CharacterString>Center for Spatial Analysis</gco:CharacterString>
          </gmd:organisationName>
          <gmd:positionName>
            <gco:CharacterString>GIS Specialist</gco:CharacterString>
          </gmd:positionName>
          <gmd:contactInfo>
            <gmd:CI_Contact>
              <gmd:phone>
                <gmd:CI_Telephone>
                  <gmd:voice>
                    <gco:CharacterString>(405) 325-0301</gco:CharacterString>
                  </gmd:voice>
                  <gmd:facsimile>
                    <gco:CharacterString>(405) 579-5985</gco:CharacterString>
                  </gmd:facsimile>
                </gmd:CI_Telephone>
              </gmd:phone>
              <gmd:address>
                <gmd:CI_Address>
                  <gmd:deliveryPoint>
                    <gco:CharacterString>3100 Monitor, Suite 180</gco:CharacterString>
                  </gmd:deliveryPoint>
                  <gmd:city>
                    <gco:CharacterString>Norman</gco:CharacterString>
                  </gmd:city>
                  <gmd:administrativeArea>
                    <gco:CharacterString>OK</gco:CharacterString>
                  </gmd:administrativeArea>
                  <gmd:postalCode>
                    <gco:CharacterString>73072</gco:CharacterString>
                  </gmd:postalCode>
                  <gmd:country>
                    <gco:CharacterString>U.S.</gco:CharacterString>
                  </gmd:country>
                  <gmd:electronicMailAddress>
                    <gco:CharacterString>azmahmood@ou.edu</gco:CharacterString>
                  </gmd:electronicMailAddress>
                </gmd:CI_Address>
              </gmd:address>
              <gmd:hoursOfService>
                <gco:CharacterString>8-5pm Mon-Fri</gco:CharacterString>
              </gmd:hoursOfService>
            </gmd:CI_Contact>
          </gmd:contactInfo>
          <gmd:role>
            <gmd:CI_RoleCode codeList="http://www.isotc211.org/2005/resources/codeList.xml#CI_RoleCode" codeListValue="pointOfContact" codeSpace="ISOTC211/19115" />
          </gmd:role>
        </gmd:CI_ResponsibleParty>
      </gmd:contact>
      <gmd:dateStamp>
        <gco:DateTime xmlns:srv="http://www.isotc211.org/2005/srv" xmlns:gmx="http://www.isotc211.org/2005/gmx">2010-02-18T10:09:54</gco:DateTime>
      </gmd:dateStamp>
      <gmd:metadataStandardName>
        <gco:CharacterString xmlns:srv="http://www.isotc211.org/2005/srv" xmlns:gmx="http://www.isotc211.org/2005/gmx">ISO 19115:2003/19139</gco:CharacterString>
      </gmd:metadataStandardName>
      <gmd:metadataStandardVersion>
        <gco:CharacterString xmlns:srv="http://www.isotc211.org/2005/srv" xmlns:gmx="http://www.isotc211.org/2005/gmx">1.0</gco:CharacterString>
      </gmd:metadataStandardVersion>
      <gmd:spatialRepresentationInfo>
        <gmd:MD_VectorSpatialRepresentation>
          <gmd:geometricObjects>
            <gmd:MD_GeometricObjects>
              <gmd:geometricObjectType>
                <gmd:MD_GeometricObjectTypeCode codeList="http://www.isotc211.org/2005/resources/codeList.xml#MD_GeometricObjectTypeCode" codeListValue="complex" codeSpace="ISOTC211/19115" />
              </gmd:geometricObjectType>
              <gmd:geometricObjectCount>
                <gco:Integer>2140</gco:Integer>
              </gmd:geometricObjectCount>
            </gmd:MD_GeometricObjects>
          </gmd:geometricObjects>
        </gmd:MD_VectorSpatialRepresentation>
      </gmd:spatialRepresentationInfo>
      <gmd:identificationInfo>
        <gmd:MD_DataIdentification>
          <gmd:citation>
            <gmd:CI_Citation>
              <gmd:title>
                <gco:CharacterString>Precincts</gco:CharacterString>
              </gmd:title>
              <gmd:date>
                <gmd:CI_Date>
                  <gmd:date>
                    <gco:Date>5/26/2011</gco:Date>
                  </gmd:date>
                  <gmd:dateType>
                    <gmd:CI_DateTypeCode codeList="http://www.isotc211.org/2005/resources/codeList.xml#CI_DateTypeCode" codeListValue="publication" codeSpace="ISOTC211/19115" />
                  </gmd:dateType>
                </gmd:CI_Date>
              </gmd:date>
              <gmd:citedResponsibleParty>
                <gmd:CI_ResponsibleParty>
                  <gmd:organisationName>
                    <gco:CharacterString>Center for Spatial Analysis (University of Oklahoma)</gco:CharacterString>
                  </gmd:organisationName>
                  <gmd:role>
                    <gmd:CI_RoleCode codeList="http://www.isotc211.org/2005/resources/codeList.xml#CI_RoleCode" codeListValue="originator" codeSpace="ISOTC211/19115" />
                  </gmd:role>
                </gmd:CI_ResponsibleParty>
              </gmd:citedResponsibleParty>
              <gmd:citedResponsibleParty>
                <gmd:CI_ResponsibleParty>
                  <gmd:organisationName>
                    <gco:CharacterString>Center for Spatial Analysis (University of Oklahoma)</gco:CharacterString>
                  </gmd:organisationName>
                  <gmd:role>
                    <gmd:CI_RoleCode codeList="http://www.isotc211.org/2005/resources/codeList.xml#CI_RoleCode" codeListValue="publisher" codeSpace="ISOTC211/19115" />
                  </gmd:role>
                </gmd:CI_ResponsibleParty>
              </gmd:citedResponsibleParty>
              <gmd:presentationForm>
                <gmd:CI_PresentationFormCode codeList="http://www.isotc211.org/2005/resources/codeList.xml#CI_PresentationFormCode" codeListValue="mapDigital" codeSpace="ISOTC211/19115" />
              </gmd:presentationForm>
            </gmd:CI_Citation>
          </gmd:citation>
          <gmd:abstract>
            <gco:CharacterString>This is an ArcView shapefile of State-wide voting precincts for Oklahoma State. Boundaries are based on information provided by the County Election Boards. This State-wide shape file is created by merging the individual precinct coverages for all the seventy-seven counties in the State.</gco:CharacterString>
          </gmd:abstract>
          <gmd:purpose>
            <gco:CharacterString>This precinct data set was prepared by the Center for Spatial Analysis at the University of Oklahoma in cooperation with the Oklahoma State Election Board for the purpose of capturing data related to precinct boundaries for all counties in the State.</gco:CharacterString>
          </gmd:purpose>
          <gmd:status>
            <gmd:MD_ProgressCode codeList="http://www.isotc211.org/2005/resources/codeList.xml#MD_ProgressCode" codeListValue="completed" codeSpace="ISOTC211/19115" />
          </gmd:status>
          <gmd:resourceMaintenance>
            <gmd:MD_MaintenanceInformation>
              <gmd:maintenanceAndUpdateFrequency>
                <gmd:MD_MaintenanceFrequencyCode codeList="http://www.isotc211.org/2005/resources/codeList.xml#MD_MaintenanceFrequencyCode" codeListValue="asNeeded" codeSpace="ISOTC211/19115" />
              </gmd:maintenanceAndUpdateFrequency>
            </gmd:MD_MaintenanceInformation>
          </gmd:resourceMaintenance>
          <gmd:graphicOverview>
            <gmd:MD_BrowseGraphic>
              <gmd:fileName>
                <gco:CharacterString>precinct_s.png</gco:CharacterString>
              </gmd:fileName>
              <gmd:fileDescription>
                <gco:CharacterString>thumbnail</gco:CharacterString>
              </gmd:fileDescription>
              <gmd:fileType>
                <gco:CharacterString>png</gco:CharacterString>
              </gmd:fileType>
            </gmd:MD_BrowseGraphic>
          </gmd:graphicOverview>
          <gmd:graphicOverview>
            <gmd:MD_BrowseGraphic>
              <gmd:fileName>
                <gco:CharacterString>precinct.png</gco:CharacterString>
              </gmd:fileName>
              <gmd:fileDescription>
                <gco:CharacterString>large_thumbnail</gco:CharacterString>
              </gmd:fileDescription>
              <gmd:fileType>
                <gco:CharacterString>png</gco:CharacterString>
              </gmd:fileType>
            </gmd:MD_BrowseGraphic>
          </gmd:graphicOverview>
          <gmd:descriptiveKeywords>
            <gmd:MD_Keywords>
              <gmd:keyword>
                <gco:CharacterString>Oklahoma State</gco:CharacterString>
              </gmd:keyword>
              <gmd:keyword>
                <gco:CharacterString>Precincts</gco:CharacterString>
              </gmd:keyword>
              <gmd:keyword>
                <gco:CharacterString>Political</gco:CharacterString>
              </gmd:keyword>
              <gmd:keyword>
                <gco:CharacterString>Administrative Units</gco:CharacterString>
              </gmd:keyword>
              <gmd:type>
                <gmd:MD_KeywordTypeCode codeList="http://www.isotc211.org/2005/resources/codeList.xml#MD_KeywordTypeCode" codeListValue="theme" codeSpace="ISOTC211/19115" />
              </gmd:type>
              <gmd:thesaurusName>
                <gmd:CI_Citation>
                  <gmd:title>
                    <gco:CharacterString>None</gco:CharacterString>
                  </gmd:title>
                </gmd:CI_Citation>
              </gmd:thesaurusName>
            </gmd:MD_Keywords>
          </gmd:descriptiveKeywords>
          <gmd:descriptiveKeywords>
            <gmd:MD_Keywords>
              <gmd:keyword>
                <gco:CharacterString>Oklahoma State</gco:CharacterString>
              </gmd:keyword>
              <gmd:type>
                <gmd:MD_KeywordTypeCode codeList="http://www.isotc211.org/2005/resources/codeList.xml#MD_KeywordTypeCode" codeListValue="place" codeSpace="ISOTC211/19115" />
              </gmd:type>
              <gmd:thesaurusName>
                <gmd:CI_Citation>
                  <gmd:title>
                    <gco:CharacterString>None</gco:CharacterString>
                  </gmd:title>
                </gmd:CI_Citation>
              </gmd:thesaurusName>
            </gmd:MD_Keywords>
          </gmd:descriptiveKeywords>
          <gmd:resourceConstraints>
            <gmd:MD_LegalConstraints>
              <gmd:accessConstraints>
                <gmd:MD_RestrictionCode codeList="http://www.isotc211.org/2005/resources/codeList.xml#MD_RestrictionCode" codeListValue="otherRestrictions" codeSpace="ISOTC211/19115" />
              </gmd:accessConstraints>
              <gmd:otherConstraints>
                <gco:CharacterString>access constraints: This data is for general public use.</gco:CharacterString>
              </gmd:otherConstraints>
            </gmd:MD_LegalConstraints>
          </gmd:resourceConstraints>
          <gmd:resourceConstraints>
            <gmd:MD_LegalConstraints>
              <gmd:useConstraints>
                <gmd:MD_RestrictionCode codeList="http://www.isotc211.org/2005/resources/codeList.xml#MD_RestrictionCode" codeListValue="otherRestrictions" codeSpace="ISOTC211/19115" />
              </gmd:useConstraints>
              <gmd:otherConstraints>
                <gco:CharacterString>use constraints: None</gco:CharacterString>
              </gmd:otherConstraints>
            </gmd:MD_LegalConstraints>
          </gmd:resourceConstraints>
          <gmd:resourceConstraints>
            <gmd:MD_LegalConstraints>
              <gmd:otherConstraints>
                <gco:CharacterString>Users must assume responsibility to determine the usablitiy of this data for their purposes</gco:CharacterString>
              </gmd:otherConstraints>
            </gmd:MD_LegalConstraints>
          </gmd:resourceConstraints>
          <gmd:language gco:nilReason="missing">
            <gco:CharacterString />
          </gmd:language>
          <gmd:environmentDescription>
            <gco:CharacterString>Microsoft Windows XP Version 5.1 (Build 2600) Service Pack 2; ESRI ArcCatalog 9.1.0.780</gco:CharacterString>
          </gmd:environmentDescription>
          <gmd:extent>
            <gmd:EX_Extent>
              <gmd:description>
                <gco:CharacterString>20071114</gco:CharacterString>
              </gmd:description>
              <gmd:temporalElement>
                <gmd:EX_TemporalExtent>
                  <gmd:extent>
                    <gml:TimePeriod gml:id="_050341ba5263f80fbcde04624a8234">
                      <gml:beginPosition>2002-07-01T00:00:00</gml:beginPosition>
                      <gml:endPosition>2007-11-14T00:00:00</gml:endPosition>
                    </gml:TimePeriod>
                  </gmd:extent>
                </gmd:EX_TemporalExtent>
              </gmd:temporalElement>
            </gmd:EX_Extent>
          </gmd:extent>
          <gmd:extent>
            <gmd:EX_Extent>
              <gmd:geographicElement>
                <gmd:EX_GeographicBoundingBox>
                  <gmd:westBoundLongitude>
                    <gco:Decimal>-103.002647</gco:Decimal>
                  </gmd:westBoundLongitude>
                  <gmd:eastBoundLongitude>
                    <gco:Decimal>-94.431215</gco:Decimal>
                  </gmd:eastBoundLongitude>
                  <gmd:southBoundLatitude>
                    <gco:Decimal>33.615765</gco:Decimal>
                  </gmd:southBoundLatitude>
                  <gmd:northBoundLatitude>
                    <gco:Decimal>37.002327</gco:Decimal>
                  </gmd:northBoundLatitude>
                </gmd:EX_GeographicBoundingBox>
              </gmd:geographicElement>
            </gmd:EX_Extent>
          </gmd:extent>
        </gmd:MD_DataIdentification>
      </gmd:identificationInfo>
      <gmd:distributionInfo>
        <gmd:MD_Distribution>
          <gmd:distributionFormat>
            <gmd:MD_Format>
              <gmd:name>
                <gco:CharacterString>ArcView Shapefile format</gco:CharacterString>
              </gmd:name>
              <gmd:version>
                <gco:CharacterString>unknown</gco:CharacterString>
              </gmd:version>
            </gmd:MD_Format>
          </gmd:distributionFormat>
          <gmd:distributor>
            <gmd:MD_Distributor>
              <gmd:distributorContact>
                <gmd:CI_ResponsibleParty>
                  <gmd:individualName>
                    <gco:CharacterString>Azhar Mahmood</gco:CharacterString>
                  </gmd:individualName>
                  <gmd:organisationName>
                    <gco:CharacterString>Center for Spatial Analysis</gco:CharacterString>
                  </gmd:organisationName>
                  <gmd:positionName>
                    <gco:CharacterString>GIS Specialist</gco:CharacterString>
                  </gmd:positionName>
                  <gmd:contactInfo>
                    <gmd:CI_Contact>
                      <gmd:phone>
                        <gmd:CI_Telephone>
                          <gmd:voice>
                            <gco:CharacterString>(405) 325-0301</gco:CharacterString>
                          </gmd:voice>
                          <gmd:facsimile>
                            <gco:CharacterString>(405) 579-5985</gco:CharacterString>
                          </gmd:facsimile>
                        </gmd:CI_Telephone>
                      </gmd:phone>
                      <gmd:address>
                        <gmd:CI_Address>
                          <gmd:deliveryPoint>
                            <gco:CharacterString>3100 Monitor, Suite 180</gco:CharacterString>
                          </gmd:deliveryPoint>
                          <gmd:city>
                            <gco:CharacterString>Norman</gco:CharacterString>
                          </gmd:city>
                          <gmd:administrativeArea>
                            <gco:CharacterString>OK</gco:CharacterString>
                          </gmd:administrativeArea>
                          <gmd:postalCode>
                            <gco:CharacterString>73072</gco:CharacterString>
                          </gmd:postalCode>
                          <gmd:country>
                            <gco:CharacterString>U.S.</gco:CharacterString>
                          </gmd:country>
                          <gmd:electronicMailAddress>
                            <gco:CharacterString>azmahmood@ou.edu</gco:CharacterString>
                          </gmd:electronicMailAddress>
                        </gmd:CI_Address>
                      </gmd:address>
                      <gmd:hoursOfService>
                        <gco:CharacterString>8-5pm Mon-Fri.</gco:CharacterString>
                      </gmd:hoursOfService>
                    </gmd:CI_Contact>
                  </gmd:contactInfo>
                  <gmd:role>
                    <gmd:CI_RoleCode codeList="http://www.isotc211.org/2005/resources/codeList.xml#CI_RoleCode" codeListValue="pointOfContact" codeSpace="ISOTC211/19115" />
                  </gmd:role>
                </gmd:CI_ResponsibleParty>
              </gmd:distributorContact>
              <gmd:distributionOrderProcess>
                <gmd:MD_StandardOrderProcess>
                  <gmd:fees>
                    <gco:CharacterString>Data is free. Some fees may apply to offline requests to cover reproduction costs.</gco:CharacterString>
                  </gmd:fees>
                </gmd:MD_StandardOrderProcess>
              </gmd:distributionOrderProcess>
              <gmd:distributorTransferOptions>
                <gmd:MD_DigitalTransferOptions />
              </gmd:distributorTransferOptions>
            </gmd:MD_Distributor>
          </gmd:distributor>
          <gmd:distributor>
            <gmd:MD_Distributor>
              <gmd:distributorTransferOptions>
                <gmd:MD_DigitalTransferOptions>
                  <gmd:onLine>
                    <gmd:CI_OnlineResource>
                      <gmd:description>
                        <gco:CharacterString>GIS data set</gco:CharacterString>
                      </gmd:description>
                    </gmd:CI_OnlineResource>
                  </gmd:onLine>
                </gmd:MD_DigitalTransferOptions>
              </gmd:distributorTransferOptions>
            </gmd:MD_Distributor>
          </gmd:distributor>
          <gmd:transferOptions>
            <gmd:MD_DigitalTransferOptions>
              <gmd:transferSize>
                <gco:Real>7.303</gco:Real>
              </gmd:transferSize>
              <gmd:onLine>
                <gmd:CI_OnlineResource>
                  <gmd:linkage xmlns:srv="http://www.isotc211.org/2005/srv">
                    <gmd:URL>http://ogi.state.ok.us/geoserver/wms</gmd:URL>
                  </gmd:linkage>
                  <gmd:protocol>
                    <gco:CharacterString>OGC:WMS-1.1.1-http-get-map</gco:CharacterString>
                  </gmd:protocol>
                  <gmd:name>
                    <gco:CharacterString>ogi:precinct</gco:CharacterString>
                  </gmd:name>
                  <gmd:description>
                    <gco:CharacterString>Precincts</gco:CharacterString>
                  </gmd:description>
                </gmd:CI_OnlineResource>
              </gmd:onLine>
              <gmd:offLine>
                <gmd:MD_Medium>
                  <gmd:name>
                    <gmd:MD_MediumNameCode codeList="http://www.isotc211.org/2005/resources/codeList.xml#MD_MediumNameCode" codeListValue="cdRom" codeSpace="ISOTC211/19115" />
                  </gmd:name>
                  <gmd:mediumNote>
                    <gco:CharacterString>ISO 9660 format allows the CDROM to be read by most computer operating systems.</gco:CharacterString>
                  </gmd:mediumNote>
                </gmd:MD_Medium>
              </gmd:offLine>
            </gmd:MD_DigitalTransferOptions>
          </gmd:transferOptions>
        </gmd:MD_Distribution>
      </gmd:distributionInfo>
      <gmd:dataQualityInfo>
        <gmd:DQ_DataQuality>
          <gmd:scope>
            <gmd:DQ_Scope>
              <gmd:level>
                <gmd:MD_ScopeCode codeList="http://www.isotc211.org/2005/resources/codeList.xml#MD_ScopeCode" codeListValue="dataset" codeSpace="ISOTC211/19115" />
              </gmd:level>
            </gmd:DQ_Scope>
          </gmd:scope>
          <gmd:report>
            <gmd:DQ_AbsoluteExternalPositionalAccuracy>
              <gmd:evaluationMethodDescription>
                <gco:CharacterString>accuracy of 160 ft.</gco:CharacterString>
              </gmd:evaluationMethodDescription>
            </gmd:DQ_AbsoluteExternalPositionalAccuracy>
          </gmd:report>
          <gmd:report>
            <gmd:DQ_AbsoluteExternalPositionalAccuracy>
              <gmd:evaluationMethodDescription>
                <gco:CharacterString>accuracy of 160 ft.</gco:CharacterString>
              </gmd:evaluationMethodDescription>
            </gmd:DQ_AbsoluteExternalPositionalAccuracy>
          </gmd:report>
          <gmd:report>
            <gmd:DQ_QuantitativeAttributeAccuracy>
              <gmd:evaluationMethodDescription>
                <gco:CharacterString>The attribute information contains precinct number, ceb-precinct number, and polling place name particular to each individual precinct within a county as verified by the County Election Board.</gco:CharacterString>
              </gmd:evaluationMethodDescription>
            </gmd:DQ_QuantitativeAttributeAccuracy>
          </gmd:report>
          <gmd:lineage>
            <gmd:LI_Lineage>
              <gmd:processStep>
                <gmd:LI_ProcessStep>
                  <gmd:description>
                    <gco:CharacterString>Dataset moved.</gco:CharacterString>
                  </gmd:description>
                </gmd:LI_ProcessStep>
              </gmd:processStep>
              <gmd:processStep>
                <gmd:LI_ProcessStep>
                  <gmd:description>
                    <gco:CharacterString>Unknown</gco:CharacterString>
                  </gmd:description>
                  <gmd:dateTime />
                </gmd:LI_ProcessStep>
              </gmd:processStep>
              <gmd:processStep>
                <gmd:LI_ProcessStep>
                  <gmd:description>
                    <gco:CharacterString>Metadata imported.</gco:CharacterString>
                  </gmd:description>
                </gmd:LI_ProcessStep>
              </gmd:processStep>
              <gmd:source>
                <gmd:LI_Source>
                  <gmd:description>
                    <gco:CharacterString>Unknown</gco:CharacterString>
                  </gmd:description>
                  <gmd:sourceCitation>
                    <gmd:CI_Citation>
                      <gmd:title>
                        <gco:CharacterString>State-wide Precincts</gco:CharacterString>
                      </gmd:title>
                      <gmd:date>
                        <gmd:CI_Date>
                          <gmd:date>
                            <gco:Date>2006-08-03</gco:Date>
                          </gmd:date>
                          <gmd:dateType>
                            <gmd:CI_DateTypeCode codeList="http://www.isotc211.org/2005/resources/codeList.xml#CI_DateTypeCode" codeListValue="publication" codeSpace="ISOTC211/19115" />
                          </gmd:dateType>
                        </gmd:CI_Date>
                      </gmd:date>
                      <gmd:citedResponsibleParty>
                        <gmd:CI_ResponsibleParty>
                          <gmd:organisationName>
                            <gco:CharacterString>Center for Spatial Analysis (University of Oklahoma)</gco:CharacterString>
                          </gmd:organisationName>
                          <gmd:role>
                            <gmd:CI_RoleCode codeList="http://www.isotc211.org/2005/resources/codeList.xml#CI_RoleCode" codeListValue="originator" codeSpace="ISOTC211/19115" />
                          </gmd:role>
                        </gmd:CI_ResponsibleParty>
                      </gmd:citedResponsibleParty>
                    </gmd:CI_Citation>
                  </gmd:sourceCitation>
                </gmd:LI_Source>
              </gmd:source>
            </gmd:LI_Lineage>
          </gmd:lineage>
        </gmd:DQ_DataQuality>
      </gmd:dataQualityInfo>
    </gmd:MD_Metadata>
  </csw:SearchResults>
</csw:GetRecordsResponse>