<?xml version="1.0" encoding="UTF-8"?>
<?xml-stylesheet type="text/xsl" href="FGDC_Plus.xsl"?><metadata>
  <idinfo>
    <citation>
      <citeinfo>
        <origin>Arkansas Secretary of State</origin>
        <pubdate>20121204</pubdate>
        <title>Election Precincts</title>
        <smcilnkh>true</smcilnkh>
        <smcisrcs>500000</smcisrcs>
        <smcisrct>
          <timeinfo>
            <sngdate>
              <time>Unknown</time>
            </sngdate>
          </timeinfo>
        </smcisrct>
        <ftname Sync="TRUE">ADMIN.DBO.ELECTION_PRECINCTS_SOS</ftname>
        <geoform Sync="TRUE">vector digital data</geoform>
        <pubinfo>
          <publish>AR Secretary of State</publish>
        </pubinfo>
        <onlink>http://www.geostor.arkansas.gov/G6/Home.html?id=d6a452f6f598251131446adbd5696e03</onlink>
        <onlink>http://www.geostor.arkansas.gov</onlink>
      </citeinfo>
    </citation>
    <descript>
      <abstract>This dataset contains polygons and attributes which represent the voting precincts for the counties in
				  the State of Arkansas. It includes the precinct name or number assigned by each County Election
				  Commission following the redistricting process.  The data was generated following the release of the
				  2010 Census data and was finalized in 2012.  During the redistricting process a number of administrative
				  boundaries were redrawn.  The voting precincts include mulitpart polygons that are not contiguous in
				  some counties.  The compilation of this data is an effort of the Secretary of State to aid in election
				  administration and future redistricting.
			</abstract>
      <purpose>This dataset containes polygons and attributes which represent the voting precincts for each county in the State of Arkansas.  These boundaries represent areas used during the voting and election administration process.</purpose>
      <langdata Sync="TRUE">en</langdata>
    </descript>
    <timeperd>
      <timeinfo>
        <sngdate>
          <caldate>20121204</caldate>
          <time>unknown</time>
        </sngdate>
      </timeinfo>
      <current>ground condition</current>
    </timeperd>
    <status>
      <progress>Complete</progress>
      <update>As needed</update>
    </status>
    <spdom>
      <bounding>
        <westbc>-94.5510300900063</westbc>
        <eastbc>-89.6169314426082</eastbc>
        <northbc>36.4839892011168</northbc>
        <southbc>33.0017524502482</southbc>
      </bounding>
      <lboundng>
        <leftbc Sync="TRUE">355100.063319</leftbc>
        <rightbc Sync="TRUE">802811.973319</rightbc>
        <bottombc Sync="TRUE">3652558.268057</bottombc>
        <topbc Sync="TRUE">4042952.368057</topbc>
      </lboundng>
    </spdom>
    <keywords>
      <place>
        <placekt>None</placekt>
        <placekey>Arkansas</placekey>
        <placekey>United States</placekey>
      </place>
      <theme>
        <themekt>ISO 19115 Topic Category</themekt>
        <themekey>boundaries</themekey>
      </theme>
      <theme>
        <themekey>district</themekey>
        <themekey>legislator</themekey>
        <themekey>legislative</themekey>
        <themekt>Arkansas Geographic Information Office</themekt>
        <themekey>government</themekey>
        <themekey>vote</themekey>
        <themekey>voter</themekey>
        <themekey>voting</themekey>
        <themekey>redistrict</themekey>
        <themekey>redistricting</themekey>
      </theme>
    </keywords>
    <ptcontac>
      <cntinfo>
        <cntorgp>
          <cntorg>Arkansas Secretary of State</cntorg>
        </cntorgp>
        <cntaddr>
          <address>State Capitol, RM 256</address>
          <city>Little Rock</city>
          <state>AR</state>
          <postal>72201</postal>
        </cntaddr>
        <cntvoice>501-682-1010</cntvoice>
        <smcoemhy>false</smcoemhy>
      </cntinfo>
    </ptcontac>
    <smbrowse>false</smbrowse>
    <smtype>1</smtype>
    <native Sync="TRUE">Microsoft Windows 2000 Version 5.2 (Build 3790) Service Pack 2; ESRI ArcCatalog 9.2.6.1500</native>
    <accconst>NONE</accconst>
    <useconst>NONE</useconst>
    <natvform Sync="TRUE">SDE Feature Class</natvform>
    <datacred>Arkansas Secretary of State</datacred>
    <secinfo>
      <secclass>Unclassified</secclass>
    </secinfo>
  </idinfo>
  <dataqual>
    <lineage>
      <srcinfo>
        <srccite>
          <citeinfo>
            <origin>Arkansas Secretary of State</origin>
            <pubdate>20121204</pubdate>
            <title>Arkansas Election Precincts</title>
            <smcilnkh>true</smcilnkh>
            <smcisrcs>500000</smcisrcs>
            <smcisrct>
              <timeinfo>
                <sngdate>
                  <time>Unknown</time>
                </sngdate>
              </timeinfo>
            </smcisrct>
          </citeinfo>
        </srccite>
        <srcscale>500000</srcscale>
        <srctime>
          <timeinfo>
            <sngdate>
              <time>unknown</time>
            </sngdate>
          </timeinfo>
        </srctime>
      </srcinfo>
    </lineage>
    <attracc>
      <qattracc>
        <attraccv>3</attraccv>
      </qattracc>
    </attracc>
  </dataqual>
  <spdoinfo>
    <direct Sync="TRUE">Vector</direct>
    <smcaptur>false</smcaptur>
    <ptvctinf>
      <esriterm Name="ADMIN.DBO.ELECTION_PRECINCTS_SOS">
        <efeatyp Sync="TRUE">Simple</efeatyp>
        <efeageom Sync="TRUE">Polygon</efeageom>
        <esritopo Sync="TRUE">FALSE</esritopo>
        <efeacnt Sync="TRUE">100</efeacnt>
        <spindex Sync="TRUE">TRUE</spindex>
        <linrefer Sync="TRUE">FALSE</linrefer>
      </esriterm>
      <sdtsterm Name="ELECTION_PRECINCTS_SOS">
        <sdtstype Sync="TRUE">G-polygon</sdtstype>
        <ptvctcnt Sync="TRUE">100</ptvctcnt>
      </sdtsterm>
    </ptvctinf>
  </spdoinfo>
  <spref><horizsys><cordsysn><geogcsn Sync="TRUE">GCS_North_American_1983</geogcsn></cordsysn><geograph><geogunit Sync="TRUE">Decimal degrees</geogunit><latres Sync="TRUE">0.000000</latres><longres Sync="TRUE">0.000000</longres></geograph><geodetic><horizdn Sync="TRUE">North American Datum of 1983</horizdn><ellips Sync="TRUE">Geodetic Reference System 80</ellips><semiaxis Sync="TRUE">6378137.000000</semiaxis><denflat Sync="TRUE">298.257222</denflat></geodetic></horizsys></spref>
  <distinfo>
    <distrib>
      <cntinfo>
        <cntpos>Arkansas GIS Program Manager</cntpos>
        <cntaddr>
          <addrtype>mailing and physical address</addrtype>
          <address>1 Capitol Mall, Suite 2B900</address>
          <city>Little Rock</city>
          <state>Arkansas</state>
          <postal>72201</postal>
          <country>USA</country>
        </cntaddr>
        <cntvoice>501-682-2767</cntvoice>
        <cntfax>501-682-6077</cntfax>
        <cntemail>Shelby.Johnson@arkansas.gov</cntemail>
        <hours>Monday - Friday 8:00 am - 5:00 pm CST</hours>
        <smcoemhy>false</smcoemhy>
        <cntorgp>
          <cntorg>Arkansas Geographic Information Office</cntorg>
          <cntper>Shelby Johnson</cntper>
        </cntorgp>
      </cntinfo>
    </distrib>
    <distliab>The data herein, including but not limited to geographic data, tabular data, analytical data, electronic data structures or files, are provided "as is" without warranty of any kind, either expressed or implied, or statutory, including, but not limited to, the implied warranties or merchantability and fitness for a particular purpose. The entire risk as to the quality and performance of the data is assumed by the user. No guarantee of accuracy is granted, nor is any responsibility for reliance thereon assumed. In no event shall the Arkansas Geographic Information Office be liable for direct, indirect, incidental, consequential or special damages of any kind, including, but not limited to, loss of anticipated profits or benefits arising out of use of or reliance on the data. 
The Arkansas Geographic Information Office does not accept liability for any damages or misrepresentation caused by inaccuracies in the data or as a result of changes to the data caused by system transfers or other transformations or conversions, nor is there responsibility assumed to maintain the data in any manner or form. 
This data has been developed from the best available sources. Although efforts have been made to ensure that the data is accurate and reliable, errors and variable conditions originating from physical sources used to develop the data may be reflected in the data supplied. Users must be aware of these conditions and bear responsibility for the appropriate use of the information with respect to possible errors, scale, resolution, rectification, positional accuracy, development methodology, time period, environmental and climatic conditions and other circumstances specific to this data. The user is responsible for understanding the accuracy limitations of the data provided herein. The burden for determining fitness for use lies entirely with the user.  The user should refer to the accompanying metadata notes for a description of the data and data development procedures. 
Although this data has been processed successfully on computers at the Arkansas Geographic Information Office, no guarantee, expressed or implied, is made by Arkansas Geographic Information Office regarding the use of these data on any other system, nor does the act of distribution constitute or imply any such warranty. Distribution of these data is intended for information purposes and should not be considered authoritative for engineering, legal and other site-specific uses.</distliab>
    <smdistnm>Arkansas Election Precincts</smdistnm>
    <resdesc>Downloadable Data</resdesc>
    <custom>Data can be searched,clipped,reprojected, reformated and retrieved by users through GeoStor http://www.geostor.arkansas.gov There is no fee associated with acquiring data.</custom>
    <stdorder>
      <digform>
        <digtopt>
          <onlinopt>
            <computer>
              <networka>
                <networkr>http:\\www.geostor.arkansas.gov</networkr>
              </networka>
            </computer>
          </onlinopt>
        </digtopt>
      </digform>
    </stdorder>
  </distinfo>
  <metainfo>
    <metd>20121204</metd>
    <metc>
      <cntinfo>
        <cntorgp>
          <cntorg>Arkansas Secretary of State</cntorg>
          <cntper>REQUIRED: The person responsible for the metadata information.</cntper>
        </cntorgp>
        <cntaddr>
          <address>State Capitol, RM 256</address>
          <city>Little Rock</city>
          <state>AR</state>
          <postal>72201</postal>
          <addrtype>REQUIRED: The mailing and/or physical address for the organization or individual.</addrtype>
        </cntaddr>
        <smcoemhy>false</smcoemhy>
        <cntvoice>501-682-1010</cntvoice>
      </cntinfo>
    </metc>
    <langmeta Sync="TRUE">en</langmeta>
    <metstdn Sync="TRUE">FGDC Content Standards for Digital Geospatial Metadata</metstdn>
    <metstdv Sync="TRUE">FGDC-STD-001-1998</metstdv>
    <mettc Sync="TRUE">local time</mettc>
    <metrd>20110816</metrd>
    <metsi>
      <metsc>Unclassified</metsc>
    </metsi>
    <metac>NONE</metac>
    <metuc>NONE</metuc>
    <metextns>
      <onlink Sync="TRUE">http://www.esri.com/metadata/esriprof80.html</onlink>
      <metprof Sync="TRUE">ESRI Metadata Profile</metprof>
    </metextns>
  </metainfo>
  <Esri>
    <CreaDate>20121204</CreaDate>
    <CreaTime>00000000</CreaTime>
    <SyncOnce>FALSE</SyncOnce>
    <SyncDate>20121204</SyncDate>
    <SyncTime>00000000</SyncTime>
    <ModDate>20121204</ModDate>
    <ModTime>00000000</ModTime>
    <PublishStatus>Published</PublishStatus>
    <DataProperties>
      <itemProps>
        <itemLocation>
          <linkage Sync="TRUE">file://\\CM-SAS-FP-02B\D$\GeoStor6\metadata\Downloads\ADMIN.DBO.ELECTION_PRECINCTS_SOS</linkage>
          <protocol Sync="TRUE">Local Area Network</protocol>
        </itemLocation>
      </itemProps>
    </DataProperties>
  </Esri>
  <dataIdInfo>
    <envirDesc Sync="TRUE">Microsoft Windows 2000 Version 5.2 (Build 3790) Service Pack 2; ESRI ArcCatalog 9.2.6.1500</envirDesc>
    <dataLang>
      <languageCode Sync="TRUE" value="en">
      </languageCode>
    </dataLang>
    <idCitation>
      <resTitle Sync="TRUE">ADMIN.DBO.ELECTION_PRECINCTS_SOS</resTitle>
      <presForm>
        <PresFormCd Sync="TRUE" value="005">
        </PresFormCd>
      </presForm>
    </idCitation>
    <spatRpType>
      <SpatRepTypCd Sync="TRUE" value="001">
      </SpatRepTypCd>
    </spatRpType>
    <dataExt>
      <geoEle>
        <GeoBndBox esriExtentType="native">
          <westBL Sync="TRUE">355100.063319</westBL>
          <eastBL Sync="TRUE">802811.973319</eastBL>
          <northBL Sync="TRUE">4042952.368057</northBL>
          <southBL Sync="TRUE">3652558.268057</southBL>
          <exTypeCode Sync="TRUE">1</exTypeCode>
        </GeoBndBox>
      </geoEle>
    </dataExt>
    <geoBox esriExtentType="decdegrees">
      <westBL Sync="TRUE">-94.618368</westBL>
      <eastBL Sync="TRUE">-89.619987</eastBL>
      <northBL Sync="TRUE">36.531952</northBL>
      <southBL Sync="TRUE">32.969416</southBL>
      <exTypeCode Sync="TRUE">1</exTypeCode>
    </geoBox>
  </dataIdInfo>
  <mdLang>
    <languageCode Sync="TRUE" value="en">
    </languageCode>
  </mdLang>
  <mdStanName Sync="TRUE">ISO 19115 Geographic Information - Metadata</mdStanName>
  <mdStanVer Sync="TRUE">DIS_ESRI1.0</mdStanVer>
  <mdChar>
    <CharSetCd Sync="TRUE" value="004">
    </CharSetCd>
  </mdChar>
  <mdHrLv>
    <ScopeCd Sync="TRUE" value="005">
    </ScopeCd>
  </mdHrLv>
  <mdHrLvName Sync="TRUE">dataset</mdHrLvName>
  <distInfo>
    <distributor>
      <distorTran>
        <onLineSrc>
          <orDesc Sync="TRUE">002</orDesc>
          <protocol Sync="TRUE">ArcSDE Connection</protocol>
          <linkage>ADMIN</linkage>
        </onLineSrc>
      </distorTran>
      <distorFormat>
        <formatName Sync="TRUE">SDE Feature Class</formatName>
      </distorFormat>
    </distributor>
  </distInfo>
  <refSysInfo>
    <RefSystem>
      <refSysID>
        <identCode Sync="TRUE">NAD_1983_UTM_Zone_15N</identCode>
      </refSysID>
    </RefSystem>
  </refSysInfo>
  <spatRepInfo>
    <VectSpatRep>
      <topLvl>
        <TopoLevCd Sync="TRUE" value="001">
        </TopoLevCd>
      </topLvl>
      <geometObjs Name="ADMIN.DBO.ELECTION_PRECINCTS_SOS">
        <geoObjTyp>
          <GeoObjTypCd Sync="TRUE" value="001">
          </GeoObjTypCd>
        </geoObjTyp>
        <geoObjCnt Sync="TRUE">100</geoObjCnt>
      </geometObjs>
    </VectSpatRep>
  </spatRepInfo>
  <eainfo>
    <detailed Name="ADMIN.DBO.ELECTION_PRECINCTS_SOS">
      <attr>
        <attrlabl Sync="TRUE">SE_ANNO_CAD_DATA</attrlabl>
        <attalias Sync="TRUE">SE_ANNO_CAD_DATA</attalias>
        <attrtype Sync="TRUE">Blob</attrtype>
        <attwidth Sync="TRUE">0</attwidth>
        <atprecis Sync="TRUE">0</atprecis>
        <attscale Sync="TRUE">0</attscale>
      </attr>
      <enttyp>
        <enttypl Sync="TRUE">ADMIN.DBO.ELECTION_PRECINCTS_SOS</enttypl>
        <enttypt Sync="TRUE">Feature Class</enttypt>
        <enttypc Sync="TRUE">100</enttypc>
      </enttyp>
      <attr>
        <attrlabl Sync="TRUE">OBJECTID</attrlabl>
        <attalias Sync="TRUE">OBJECTID</attalias>
        <attrtype Sync="TRUE">OID</attrtype>
        <attwidth Sync="TRUE">4</attwidth>
        <atprecis Sync="TRUE">10</atprecis>
        <attscale Sync="TRUE">0</attscale>
        <attrdef Sync="TRUE">Internal feature number.</attrdef>
        <attrdefs Sync="TRUE">ESRI</attrdefs>
        <attrdomv>
          <udom Sync="TRUE">Sequential unique whole numbers that are automatically generated.</udom>
        </attrdomv>
      </attr>
      <attr>
        <attrlabl Sync="TRUE">STATE_FIPS</attrlabl>
        <attalias Sync="TRUE">STATE_FIPS</attalias>
        <attrtype Sync="TRUE">Text</attrtype>
        <attwidth Sync="TRUE">50</attwidth>
        <atprecis Sync="TRUE">0</atprecis>
        <attscale Sync="TRUE">0</attscale>
        <attrdef Sync="TRUE">Stores the Federal Information Processing Standard 173 two digit numeric code for Arkansas, which is 05.</attrdef>
      </attr>
      <attr>
        <attrlabl Sync="TRUE">COUNTY_FIPS</attrlabl>
        <attalias Sync="TRUE">COUNTY_FIPS</attalias>
        <attrtype Sync="TRUE">Text</attrtype>
        <attwidth Sync="TRUE">50</attwidth>
        <atprecis Sync="TRUE">0</atprecis>
        <attscale Sync="TRUE">0</attscale>
        <attrdef Sync="TRUE">Stores the Federal Information Processing Standard 173 three digit numeric code for counties in Arkansas.  The county FIPS and the state FIPS can be combined to create a five digit code.</attrdef>
      </attr>
      <attr>
        <attrlabl Sync="TRUE">COUNTY_NAME</attrlabl>
        <attalias Sync="TRUE">COUNTY_NAME</attalias>
        <attrtype Sync="TRUE">Text</attrtype>
        <attwidth Sync="TRUE">50</attwidth>
        <atprecis Sync="TRUE">0</atprecis>
        <attscale Sync="TRUE">0</attscale>
        <attrdef Sync="TRUE">Stores the name of the county.</attrdef>
      </attr>
      <attr>
        <attrlabl Sync="TRUE">PRECINCT</attrlabl>
        <attalias Sync="TRUE">PRECINCT</attalias>
        <attrtype Sync="TRUE">Text</attrtype>
        <attwidth Sync="TRUE">50</attwidth>
        <atprecis Sync="TRUE">0</atprecis>
        <attscale Sync="TRUE">0</attscale>
        <attrdef Sync="TRUE">Stores the name of the election precinct.  County election commissions use both numeric and name values in the precinct field to identify the area.</attrdef>
      </attr>
      <attr>
        <attrlabl Sync="TRUE">SHAPE</attrlabl>
        <attalias Sync="TRUE">Shape</attalias>
        <attrtype Sync="TRUE">Geometry</attrtype>
        <attwidth Sync="TRUE">4</attwidth>
        <atprecis Sync="TRUE">0</atprecis>
        <attscale Sync="TRUE">0</attscale>
        <attrdef Sync="TRUE">Feature geometry.</attrdef>
        <attrdefs Sync="TRUE">ESRI</attrdefs>
        <attrdomv>
          <udom Sync="TRUE">Coordinates defining the features.</udom>
        </attrdomv>
      </attr>
      <attr>
        <attrlabl Sync="TRUE">SHAPE.AREA</attrlabl>
        <attalias Sync="TRUE">SHAPE.AREA</attalias>
        <attrtype Sync="TRUE">Double</attrtype>
        <attwidth Sync="TRUE">0</attwidth>
        <atprecis Sync="TRUE">0</atprecis>
        <attscale Sync="TRUE">0</attscale>
      </attr>
      <attr>
        <attrlabl Sync="TRUE">SHAPE.LEN</attrlabl>
        <attalias Sync="TRUE">SHAPE.LEN</attalias>
        <attrtype Sync="TRUE">Double</attrtype>
        <attwidth Sync="TRUE">0</attwidth>
        <atprecis Sync="TRUE">0</atprecis>
        <attscale Sync="TRUE">0</attscale>
      </attr>
    </detailed>
  </eainfo>
  <mdDateSt Sync="TRUE">20110822</mdDateSt>
</metadata>