<metadata xml:lang="en"><Esri><CreaDate>20161019</CreaDate><CreaTime>14444200</CreaTime><ArcGISFormat>1.0</ArcGISFormat><ArcGISstyle>FGDC CSDGM Metadata</ArcGISstyle><SyncOnce>FALSE</SyncOnce><DataProperties><itemProps><itemName Sync="TRUE">vtd2016general</itemName><itemLocation><linkage Sync="TRUE">file://\\ELECT59\C$\GIS\Data\MN_Boundaries\Districts\2016_Districts\2016general\vtd2016general.shp</linkage><protocol Sync="TRUE">Local Area Network</protocol></itemLocation><itemSize Sync="TRUE">9.956</itemSize><nativeExtBox><westBL Sync="TRUE">189783.511900</westBL><eastBL Sync="TRUE">761653.524000</eastBL><southBL Sync="TRUE">4816309.329300</southBL><northBL Sync="TRUE">5472346.499200</northBL><exTypeCode Sync="TRUE">1</exTypeCode></nativeExtBox><imsContentType Sync="TRUE" export="False">002</imsContentType></itemProps><coordRef><type Sync="TRUE">Projected</type><geogcsn Sync="TRUE">GCS_North_American_1983</geogcsn><csUnits Sync="TRUE">Linear Unit: Meter (1.000000)</csUnits><projcsn Sync="TRUE">NAD_1983_UTM_Zone_15N</projcsn><peXml Sync="TRUE">&lt;ProjectedCoordinateSystem xsi:type='typens:ProjectedCoordinateSystem' xmlns:xsi='http://www.w3.org/2001/XMLSchema-instance' xmlns:xs='http://www.w3.org/2001/XMLSchema' xmlns:typens='http://www.esri.com/schemas/ArcGIS/10.1'&gt;&lt;WKT&gt;PROJCS[&amp;quot;NAD_1983_UTM_Zone_15N&amp;quot;,GEOGCS[&amp;quot;GCS_North_American_1983&amp;quot;,DATUM[&amp;quot;D_North_American_1983&amp;quot;,SPHEROID[&amp;quot;GRS_1980&amp;quot;,6378137.0,298.257222101]],PRIMEM[&amp;quot;Greenwich&amp;quot;,0.0],UNIT[&amp;quot;Degree&amp;quot;,0.0174532925199433]],PROJECTION[&amp;quot;Transverse_Mercator&amp;quot;],PARAMETER[&amp;quot;False_Easting&amp;quot;,500000.0],PARAMETER[&amp;quot;False_Northing&amp;quot;,0.0],PARAMETER[&amp;quot;Central_Meridian&amp;quot;,-93.0],PARAMETER[&amp;quot;Scale_Factor&amp;quot;,0.9996],PARAMETER[&amp;quot;Latitude_Of_Origin&amp;quot;,0.0],UNIT[&amp;quot;Meter&amp;quot;,1.0],AUTHORITY[&amp;quot;EPSG&amp;quot;,26915]]&lt;/WKT&gt;&lt;XOrigin&gt;-5120900&lt;/XOrigin&gt;&lt;YOrigin&gt;-9998100&lt;/YOrigin&gt;&lt;XYScale&gt;450445547.3910538&lt;/XYScale&gt;&lt;ZOrigin&gt;-100000&lt;/ZOrigin&gt;&lt;ZScale&gt;10000&lt;/ZScale&gt;&lt;MOrigin&gt;-100000&lt;/MOrigin&gt;&lt;MScale&gt;10000&lt;/MScale&gt;&lt;XYTolerance&gt;0.001&lt;/XYTolerance&gt;&lt;ZTolerance&gt;0.001&lt;/ZTolerance&gt;&lt;MTolerance&gt;0.001&lt;/MTolerance&gt;&lt;HighPrecision&gt;true&lt;/HighPrecision&gt;&lt;WKID&gt;26915&lt;/WKID&gt;&lt;LatestWKID&gt;26915&lt;/LatestWKID&gt;&lt;/ProjectedCoordinateSystem&gt;</peXml></coordRef><lineage><Process ToolSource="c:\program files (x86)\arcgis\desktop10.2\ArcToolbox\Toolboxes\Data Management Tools.tbx\Copy" Date="20161019" Time="144442" Name="" export="">Copy C:/GIS/BoundaryEditing/PrecinctsForEditing.gdb/Precincts/Precincts C:\GIS\Data\MN_Boundaries\Districts\Current\CurrentDistricts_new.gdb\Precincts FeatureClass</Process></lineage></DataProperties><SyncDate>20161019</SyncDate><SyncTime>15231300</SyncTime><ModDate>20161019</ModDate><ModTime>15365900</ModTime><scaleRange><minScale>150000000</minScale><maxScale>5000</maxScale></scaleRange><ArcGISProfile>FGDC</ArcGISProfile></Esri><mdLang><languageCode value="eng"/><countryCode value="USA" Sync="TRUE"/></mdLang><mdChar><CharSetCd value="004"/></mdChar><mdHrLv><ScopeCd value="005"/></mdHrLv><mdContact xmlns=""><rpIndName>Brad Neuhauser</rpIndName><rpOrgName>Office of the Minnesota Secretary of State, Elections Division</rpOrgName><rpPosName>GIS Specialist</rpPosName><rpCntInfo><cntPhone><voiceNum>651-556-0648</voiceNum><faxNum>651-296-9073</faxNum></cntPhone><cntAddress addressType="both"><delPoint>100 Rev. Dr. Martin Luther King, Jr. Blvd.</delPoint><delPoint>Room 180, State Office Building</delPoint><city>Saint Paul</city><adminArea>MN</adminArea><postCode>55155</postCode><country>US</country><eMailAdd>brad.neuhauser@state.mn.us</eMailAdd></cntAddress></rpCntInfo><role><RoleCd value="007"/></role></mdContact><mdDateSt>20161019</mdDateSt><mdStanName>ArcGIS Metadata</mdStanName><mdStanVer>1.0</mdStanVer><dataIdInfo><idCitation xmlns=""><resTitle>vtd2016general</resTitle><date><pubDate>2016-10-19T00:00:00</pubDate></date><citRespParty xmlns=""><rpOrgName>Brad Neuhauser, Office of the Minnesota Secretary of State, Elections Division, GIS Specialist</rpOrgName><role><RoleCd value="006"/></role></citRespParty><presForm xmlns=""><PresFormCd value="005"/></presForm><presForm xmlns=""><fgdcGeoform>vector digital data</fgdcGeoform></presForm></idCitation><idAbs>&lt;DIV STYLE="text-align:Left;"&gt;&lt;DIV&gt;&lt;P&gt;&lt;SPAN&gt;Voting precincts for the State of Minnesota, those to be used in the 2016 State General Election. Includes election district attributes for each precinct.&lt;/SPAN&gt;&lt;/P&gt;&lt;/DIV&gt;&lt;/DIV&gt;</idAbs><idPurp>Geographic database of voting precincts for the State of Minnesota as of 2016 state general election</idPurp><idCredit>Office of the Minnesota Secretary of State, Minnesota Geospatial Information Office (MnGeo)</idCredit><idStatus><ProgCd value="007"/></idStatus><idPoC xmlns=""><rpIndName>Brad Neuhauser</rpIndName><rpOrgName>Office of the Minnesota Secretary of State, Elections Division</rpOrgName><rpPosName>GIS Specialist</rpPosName><rpCntInfo xmlns=""><cntPhone><voiceNum tddtty="">651-556-0648</voiceNum><faxNum>651-296-9073</faxNum></cntPhone><cntAddress addressType="both"><delPoint>100 Rev. Dr. Martin Luther King Jr. Blvd.</delPoint><delPoint>Room 180, State Office Building</delPoint><city>Saint Paul</city><adminArea>MN</adminArea><postCode>55155</postCode><country>US</country><eMailAdd>brad.neuhauser@state.mn.us</eMailAdd></cntAddress></rpCntInfo><role><RoleCd value="007"/></role></idPoC><idPoC xmlns=""><rpIndName>Brad Neuhauser</rpIndName><rpOrgName>Office of the Minnesota Secretary of State, Elections Division</rpOrgName><rpPosName>GIS Specialist</rpPosName><rpCntInfo xmlns=""><cntPhone><voiceNum tddtty="">651-556-0648</voiceNum><faxNum>651-296-9073</faxNum></cntPhone><cntAddress addressType="both"><delPoint>100 Rev. Dr. Martin Luther King, Jr. Blvd.</delPoint><delPoint>Room 180, State Office Building</delPoint><city>Saint Paul</city><adminArea>MN</adminArea><postCode>55155</postCode><country>US</country><eMailAdd>brad.neuhauser@state.mn.us</eMailAdd></cntAddress></rpCntInfo><role><RoleCd value="007"/></role></idPoC><resMaint xmlns=""><maintFreq><MaintFreqCd value="005"/></maintFreq></resMaint><placeKeys xmlns=""><keyword>Minnesota</keyword><keyword>USA</keyword></placeKeys><tempKeys xmlns=""><keyword>11/8/2016 general election</keyword><keyword>2016</keyword></tempKeys><themeKeys xmlns=""><thesaName xmlns=""><resTitle>ISO 19115 Topic Categories</resTitle></thesaName><keyword>boundaries</keyword></themeKeys><themeKeys xmlns=""><keyword>election district</keyword><keyword>voting district</keyword><keyword>precinct</keyword><keyword>voting precinct</keyword><keyword>VTD</keyword></themeKeys><searchKeys><keyword>election district</keyword><keyword>voting district</keyword><keyword>precinct</keyword><keyword>11/8/2016 general election</keyword><keyword>Minnesota</keyword><keyword>voting precinct</keyword><keyword>VTD</keyword><keyword>USA</keyword><keyword>boundaries</keyword><keyword>2016</keyword></searchKeys><resConst><Consts xmlns=""><useLimit>&lt;DIV STYLE="text-align:Left;"&gt;&lt;DIV&gt;&lt;DIV&gt;&lt;P&gt;&lt;SPAN&gt;Office of the Minnesota Secretary of State maintains this data as accurately as possible, but cannot assure 100% accuracy. For definitive precinct lines, please contact the jurisdiction (city, township, or county for unorganized territory) in question. To check precinct and districts or find polling place for an address, use the Secretary of State's Polling Place Finder: http://pollfinder.sos.state.mn.us. Boundaries derived from CTU Boundaries dataset from MnGeo and U.S. Census redistricting data. Includes election district boundary adjustments made under MS 2.91, subd. 2 and MS 204B.146, subd. 3, including annexations/detachments prior to October 18, 2016.&lt;/SPAN&gt;&lt;/P&gt;&lt;/DIV&gt;&lt;/DIV&gt;&lt;/DIV&gt;</useLimit></Consts></resConst><spatRpType><SpatRepTypCd value="001"/></spatRpType><dataLang><languageCode value="eng"/><countryCode value="USA" Sync="TRUE"/></dataLang><envirDesc>Microsoft Windows 7 Version 6.1 (Build 7601) Service Pack 1; ESRI ArcGIS 10.0.3.3600</envirDesc><dataExt xmlns=""><geoEle xmlns=""><GeoBndBox><westBL>-97.269689</westBL><eastBL>-89.397194</eastBL><southBL>43.435423</southBL><northBL>49.403805</northBL><exTypeCode>1</exTypeCode></GeoBndBox></geoEle></dataExt><dataExt xmlns=""><exDesc>State of Minnesota, changes through October 18, 2016</exDesc><tempEle><TempExtent><exTemp><TM_Instant><tmPosition>2016-10-19T00:00:00</tmPosition></TM_Instant></exTemp></TempExtent></tempEle></dataExt><dataChar><CharSetCd value="004"></CharSetCd></dataChar><tpCat><TopicCatCd value="003"/></tpCat></dataIdInfo><spatRepInfo><VectSpatRep><geometObjs Name="vtd2016general"><geoObjTyp><GeoObjTypCd value="002" Sync="TRUE"/></geoObjTyp><geoObjCnt Sync="TRUE">4120</geoObjCnt></geometObjs><topLvl><TopoLevCd value="001" Sync="TRUE"/></topLvl></VectSpatRep></spatRepInfo><eainfo><detailed Name="vtd2016general" xmlns=""><enttyp><enttypl>vtd2014general</enttypl><enttypd>Voting Precincts</enttypd><enttypt Sync="TRUE">Feature Class</enttypt><enttypc Sync="TRUE">4120</enttypc></enttyp><attr xmlns=""><attrlabl>Shape</attrlabl><attrdef>Feature geometry.</attrdef><attrdefs>ESRI</attrdefs><attrdomv><udom>Coordinates defining the features.</udom></attrdomv><attalias Sync="TRUE">Shape</attalias><attrtype Sync="TRUE">Geometry</attrtype><attwidth Sync="TRUE">0</attwidth><atprecis Sync="TRUE">0</atprecis><attscale Sync="TRUE">0</attscale></attr><attr xmlns=""><attrlabl>CTU_TYPE</attrlabl><attrdef>Jurisdiction's governance: city, township, or unorganized</attrdef><attalias Sync="TRUE">CTU_TYPE</attalias><attrtype Sync="TRUE">String</attrtype><attwidth Sync="TRUE">25</attwidth><atprecis Sync="TRUE">0</atprecis><attscale Sync="TRUE">0</attscale></attr><attr xmlns=""><attrlabl Sync="TRUE">OBJECTID</attrlabl><attalias Sync="TRUE">OBJECTID</attalias><attrtype Sync="TRUE">Double</attrtype><attwidth Sync="TRUE">19</attwidth><atprecis Sync="TRUE">0</atprecis><attscale Sync="TRUE">0</attscale></attr><attr xmlns=""><attrlabl>MCDCODE</attrlabl><attrdef>Internal MCD Code for jurisdiction</attrdef><attalias Sync="TRUE">MCDCODE</attalias><attrtype Sync="TRUE">String</attrtype><attwidth Sync="TRUE">5</attwidth><atprecis Sync="TRUE">0</atprecis><attscale Sync="TRUE">0</attscale></attr><attr xmlns=""><attrlabl>MCDFIPS</attrlabl><attrdef>Jurisdiction's FIPS code (note: some unorganized area FIPS codes may be manufactured)</attrdef><attalias Sync="TRUE">MCDFIPS</attalias><attrtype Sync="TRUE">String</attrtype><attwidth Sync="TRUE">10</attwidth><atprecis Sync="TRUE">0</atprecis><attscale Sync="TRUE">0</attscale></attr><attr xmlns=""><attrlabl>MCDName</attrlabl><attrdef>Municipality (city or town) that the precinct is in. For unorganized territories, MCD name may not match the U.S. Census name and/or boundary for an MCD.</attrdef><attalias Sync="TRUE">MCDNAME</attalias><attrtype Sync="TRUE">String</attrtype><attwidth Sync="TRUE">50</attwidth><atprecis Sync="TRUE">0</atprecis><attscale Sync="TRUE">0</attscale></attr><attr xmlns=""><attrlabl>SWCDIST</attrlabl><attrdef>Soil &amp; Water Conservation District. The supervisors are usually voted on by the entire county, except the following cases. Hennepin County has gotten rid of its SWCD. Otter Tail (East and West) and St. Louis (North and South) Counties are split into two separate districts. In Anoka, Carver, Dakota, Ramsey, Renville, Scott, and Washington Counties, the 5 SWCD supervisors are all elected by supervisor district.</attrdef><attalias Sync="TRUE">SWCDIST</attalias><attrtype Sync="TRUE">String</attrtype><attwidth Sync="TRUE">5</attwidth><atprecis Sync="TRUE">0</atprecis><attscale Sync="TRUE">0</attscale></attr><attr xmlns=""><attrlabl>SWCDIST_N</attrlabl><attrdef>Soil &amp; Water Conservation District Name</attrdef><attalias Sync="TRUE">SWCDIST_N</attalias><attrtype Sync="TRUE">String</attrtype><attwidth Sync="TRUE">35</attwidth><atprecis Sync="TRUE">0</atprecis><attscale Sync="TRUE">0</attscale></attr><attr xmlns=""><attrlabl>CtyComDist</attrlabl><attrdef>County Commissioner District. Most counties have 5. Anoka, Dakota, Hennepin, Olmsted, Ramsey, and St. Louis have 7.</attrdef><attalias Sync="TRUE">CTYCOMDIST</attalias><attrtype Sync="TRUE">String</attrtype><attwidth Sync="TRUE">2</attwidth><atprecis Sync="TRUE">0</atprecis><attscale Sync="TRUE">0</attscale></attr><attr xmlns=""><attrlabl>MNLEGDIST</attrlabl><attrdef>Minnesota House District. House districts A &amp; B nest together within the corresponding Senate district</attrdef><attalias Sync="TRUE">MNLEGDIST</attalias><attrtype Sync="TRUE">String</attrtype><attwidth Sync="TRUE">4</attwidth><atprecis Sync="TRUE">0</atprecis><attscale Sync="TRUE">0</attscale></attr><attr xmlns=""><attrlabl>CongDist</attrlabl><attrdef>U.S. Representative District (1-8)</attrdef><attalias Sync="TRUE">CONGDIST</attalias><attrtype Sync="TRUE">String</attrtype><attwidth Sync="TRUE">2</attwidth><atprecis Sync="TRUE">0</atprecis><attscale Sync="TRUE">0</attscale></attr><attr xmlns=""><attrlabl>Shape_Area</attrlabl><attrdef>Area of feature in internal units squared.</attrdef><attrdefs>Esri</attrdefs><attrdomv><udom>Positive real numbers that are automatically generated.</udom></attrdomv><attalias Sync="TRUE">Shape_Area</attalias><attrtype Sync="TRUE">Double</attrtype><attwidth Sync="TRUE">19</attwidth><atprecis Sync="TRUE">0</atprecis><attscale Sync="TRUE">0</attscale></attr><attr xmlns=""><attrlabl>PARKDIST_N</attrlabl><attrdef>Park District Name</attrdef><attalias Sync="TRUE">PARKDIST_N</attalias><attrtype Sync="TRUE">String</attrtype><attwidth Sync="TRUE">40</attwidth><atprecis Sync="TRUE">0</atprecis><attscale Sync="TRUE">0</attscale></attr><attr xmlns=""><attrlabl>Shape_Leng</attrlabl><attalias Sync="TRUE">Shape_Leng</attalias><attrtype Sync="TRUE">Double</attrtype><attwidth Sync="TRUE">19</attwidth><atprecis Sync="TRUE">0</atprecis><attscale Sync="TRUE">0</attscale></attr><attr xmlns=""><attrlabl>ParkDist</attrlabl><attrdef>Park District code, There are only two park districts: Minneapolis and Three Rivers (Hennepin County outside of Minneapolis)</attrdef><attalias Sync="TRUE">PARKDIST</attalias><attrtype Sync="TRUE">String</attrtype><attwidth Sync="TRUE">10</attwidth><atprecis Sync="TRUE">0</atprecis><attscale Sync="TRUE">0</attscale></attr><attr xmlns=""><attrlabl>Ward</attrlabl><attrdef>City Ward (if applicable)</attrdef><attalias Sync="TRUE">WARD</attalias><attrtype Sync="TRUE">String</attrtype><attwidth Sync="TRUE">15</attwidth><atprecis Sync="TRUE">0</atprecis><attscale Sync="TRUE">0</attscale></attr><attr xmlns=""><attrlabl>VTDID</attrlabl><attrdef>Vote Tabulation District Identifier. Used by Census Bureau. Concatenates State FIPS code (27), County FIPS code, and Precinct Code</attrdef><attalias Sync="TRUE">VTDID</attalias><attrtype Sync="TRUE">String</attrtype><attwidth Sync="TRUE">12</attwidth><atprecis Sync="TRUE">0</atprecis><attscale Sync="TRUE">0</attscale></attr><attr xmlns=""><attrlabl>HospDist</attrlabl><attrdef>Hospital District Code</attrdef><attalias Sync="TRUE">HOSPDIST</attalias><attrtype Sync="TRUE">String</attrtype><attwidth Sync="TRUE">5</attwidth><atprecis Sync="TRUE">0</atprecis><attscale Sync="TRUE">0</attscale></attr><attr xmlns=""><attrlabl>FID</attrlabl><attrdef>Internal feature number.</attrdef><attrdefs>ESRI</attrdefs><attrdomv><udom>Sequential unique whole numbers that are automatically generated.</udom></attrdomv><attalias Sync="TRUE">FID</attalias><attrtype Sync="TRUE">OID</attrtype><attwidth Sync="TRUE">4</attwidth><atprecis Sync="TRUE">0</atprecis><attscale Sync="TRUE">0</attscale></attr><attr xmlns=""><attrlabl>PctCode</attrlabl><attrdef>Each precinct is assigned a four digit code, unique within each county</attrdef><attalias Sync="TRUE">PCTCODE</attalias><attrtype Sync="TRUE">String</attrtype><attwidth Sync="TRUE">5</attwidth><atprecis Sync="TRUE">0</atprecis><attscale Sync="TRUE">0</attscale></attr><attr xmlns=""><attrlabl>CountyCode</attrlabl><attrdef>Minnesota Counties, 1-87</attrdef><attalias Sync="TRUE">COUNTYCODE</attalias><attrtype Sync="TRUE">String</attrtype><attwidth Sync="TRUE">5</attwidth><atprecis Sync="TRUE">0</atprecis><attscale Sync="TRUE">0</attscale></attr><attr xmlns=""><attrlabl>JudDist</attrlabl><attrdef>Judicial Districts, 1-10. Are divided on a county-wide basis.</attrdef><attalias Sync="TRUE">JUDDIST</attalias><attrtype Sync="TRUE">String</attrtype><attwidth Sync="TRUE">3</attwidth><atprecis Sync="TRUE">0</atprecis><attscale Sync="TRUE">0</attscale></attr><attr xmlns=""><attrlabl>PctName</attrlabl><attrdef>Name given to the precinct</attrdef><attalias Sync="TRUE">PCTNAME</attalias><attrtype Sync="TRUE">String</attrtype><attwidth Sync="TRUE">50</attwidth><atprecis Sync="TRUE">0</atprecis><attscale Sync="TRUE">0</attscale></attr><attr xmlns=""><attrlabl>CountyName</attrlabl><attrdef>County Name</attrdef><attalias Sync="TRUE">COUNTYNAME</attalias><attrtype Sync="TRUE">String</attrtype><attwidth Sync="TRUE">25</attwidth><atprecis Sync="TRUE">0</atprecis><attscale Sync="TRUE">0</attscale></attr><attr xmlns=""><attrlabl>MCDGNIS</attrlabl><attrdef>Jurisdiction's GNIS code</attrdef><attalias Sync="TRUE">MCDGNIS</attalias><attrtype Sync="TRUE">String</attrtype><attwidth Sync="TRUE">12</attwidth><atprecis Sync="TRUE">0</atprecis><attscale Sync="TRUE">0</attscale></attr><attr xmlns=""><attrlabl>ShortLabel</attrlabl><attrdef>Abbreviated PCTNAME for labelling purposes. In most cases indicates a jurisdiction with multiple precincts</attrdef><attalias Sync="TRUE">SHORTLABEL</attalias><attrtype Sync="TRUE">String</attrtype><attwidth Sync="TRUE">25</attwidth><atprecis Sync="TRUE">0</atprecis><attscale Sync="TRUE">0</attscale></attr><attr xmlns=""><attrlabl>MNSENDIST</attrlabl><attrdef>Minnesota Senate District (1-67)</attrdef><attalias Sync="TRUE">MNSENDIST</attalias><attrtype Sync="TRUE">String</attrtype><attwidth Sync="TRUE">3</attwidth><atprecis Sync="TRUE">0</atprecis><attscale Sync="TRUE">0</attscale></attr><attr xmlns=""><attrlabl>CountyFIPS</attrlabl><attrdef>County's FIPS code (GNIS code)</attrdef><attalias Sync="TRUE">COUNTYFIPS</attalias><attrtype Sync="TRUE">String</attrtype><attwidth Sync="TRUE">5</attwidth><atprecis Sync="TRUE">0</atprecis><attscale Sync="TRUE">0</attscale></attr><attr xmlns=""><attrlabl Sync="TRUE">Shape_Le_1</attrlabl><attalias Sync="TRUE">Shape_Le_1</attalias><attrtype Sync="TRUE">Double</attrtype><attwidth Sync="TRUE">19</attwidth><atprecis Sync="TRUE">0</atprecis><attscale Sync="TRUE">0</attscale></attr><attr xmlns=""><attrlabl Sync="TRUE">Shape_Le_2</attrlabl><attalias Sync="TRUE">Shape_Le_2</attalias><attrtype Sync="TRUE">Double</attrtype><attwidth Sync="TRUE">19</attwidth><atprecis Sync="TRUE">0</atprecis><attscale Sync="TRUE">0</attscale></attr><attr xmlns=""><attrlabl Sync="TRUE">Shape_Le_3</attrlabl><attalias Sync="TRUE">Shape_Le_3</attalias><attrtype Sync="TRUE">Double</attrtype><attwidth Sync="TRUE">19</attwidth><atprecis Sync="TRUE">0</atprecis><attscale Sync="TRUE">0</attscale></attr><attr xmlns=""><attrlabl>HOSPDIST_N</attrlabl><attrdef>Hospital District Name</attrdef><attalias Sync="TRUE">HOSPDIST_N</attalias><attrtype Sync="TRUE">String</attrtype><attwidth Sync="TRUE">35</attwidth><atprecis Sync="TRUE">0</atprecis><attscale Sync="TRUE">0</attscale></attr></detailed></eainfo><distInfo xmlns=""><distFormat xmlns=""><formatName Sync="TRUE">Shapefile</formatName></distFormat><distTranOps xmlns=""><transSize Sync="TRUE">9.956</transSize></distTranOps></distInfo><mdHrLvName Sync="TRUE">dataset</mdHrLvName><refSysInfo><RefSystem><refSysID><identCode code="26915" Sync="TRUE"/><idCodeSpace Sync="TRUE">EPSG</idCodeSpace><idVersion Sync="TRUE">8.2.6</idVersion></refSysID></RefSystem></refSysInfo><spdoinfo><ptvctinf><esriterm Name="vtd2016general"><efeatyp Sync="TRUE">Simple</efeatyp><efeageom code="4" Sync="TRUE"/><esritopo Sync="TRUE">FALSE</esritopo><efeacnt Sync="TRUE">4120</efeacnt><spindex Sync="TRUE">FALSE</spindex><linrefer Sync="TRUE">FALSE</linrefer></esriterm></ptvctinf></spdoinfo><mdMaint xmlns=""><maintFreq><MaintFreqCd value="009"></MaintFreqCd></maintFreq></mdMaint></metadata>
