<metadata xml:lang="en"><Esri><CreaDate>20131007</CreaDate><CreaTime>09051900</CreaTime><ArcGISFormat>1.0</ArcGISFormat><ArcGISstyle>FGDC CSDGM Metadata</ArcGISstyle><SyncOnce>FALSE</SyncOnce><DataProperties><itemProps><itemName Sync="TRUE">KLRD_2012VotingDistricts</itemName><imsContentType Sync="TRUE">002</imsContentType><nativeExtBox><westBL Sync="TRUE">-102.051769</westBL><eastBL Sync="TRUE">-94.588387</eastBL><southBL Sync="TRUE">36.993016</southBL><northBL Sync="TRUE">40.003166</northBL><exTypeCode Sync="TRUE">1</exTypeCode></nativeExtBox><itemSize Sync="TRUE">11.033</itemSize><itemLocation><linkage Sync="TRUE">file://\\ricochet\c$\BigDrives\webdata\webdata5\datadump\datadump1\KLRD_100413\KLRD_2012VotingDistricts.shp</linkage><protocol Sync="TRUE">Local Area Network</protocol></itemLocation></itemProps><coordRef><type Sync="TRUE">Geographic</type><geogcsn Sync="TRUE">GCS_North_American_1983</geogcsn><csUnits Sync="TRUE">Angular Unit: Degree (0.017453)</csUnits><peXml Sync="TRUE">&lt;GeographicCoordinateSystem xsi:type='typens:GeographicCoordinateSystem' xmlns:xsi='http://www.w3.org/2001/XMLSchema-instance' xmlns:xs='http://www.w3.org/2001/XMLSchema' xmlns:typens='http://www.esri.com/schemas/ArcGIS/10.1'&gt;&lt;WKT&gt;GEOGCS[&amp;quot;GCS_North_American_1983&amp;quot;,DATUM[&amp;quot;D_North_American_1983&amp;quot;,SPHEROID[&amp;quot;GRS_1980&amp;quot;,6378137.0,298.257222101]],PRIMEM[&amp;quot;Greenwich&amp;quot;,0.0],UNIT[&amp;quot;Degree&amp;quot;,0.0174532925199433],METADATA[&amp;quot;North America - NAD83&amp;quot;,167.65,14.93,-47.74,86.45,0.0,0.0174532925199433,0.0,1350],AUTHORITY[&amp;quot;EPSG&amp;quot;,4269]]&lt;/WKT&gt;&lt;XOrigin&gt;-400&lt;/XOrigin&gt;&lt;YOrigin&gt;-400&lt;/YOrigin&gt;&lt;XYScale&gt;11258999068426.238&lt;/XYScale&gt;&lt;ZOrigin&gt;-100000&lt;/ZOrigin&gt;&lt;ZScale&gt;10000&lt;/ZScale&gt;&lt;MOrigin&gt;-100000&lt;/MOrigin&gt;&lt;MScale&gt;10000&lt;/MScale&gt;&lt;XYTolerance&gt;8.9831528411952133e-009&lt;/XYTolerance&gt;&lt;ZTolerance&gt;0.001&lt;/ZTolerance&gt;&lt;MTolerance&gt;0.001&lt;/MTolerance&gt;&lt;HighPrecision&gt;true&lt;/HighPrecision&gt;&lt;LeftLongitude&gt;-180&lt;/LeftLongitude&gt;&lt;WKID&gt;4269&lt;/WKID&gt;&lt;LatestWKID&gt;4269&lt;/LatestWKID&gt;&lt;/GeographicCoordinateSystem&gt;</peXml></coordRef><lineage><Process ToolSource="c:\program files (x86)\arcgis\desktop10.1\ArcToolbox\Toolboxes\Data Management Tools.tbx\Project" Date="20131007" Time="090520" Name="" export="">Project "R:\BigDrives\webdata\webdata5\datadump\datadump1\KLRD_100413\VTD_Post_2012 - 2012-06-21.shp" R:\BigDrives\webdata\webdata5\datadump\datadump1\KLRD_100413\KLRD_2012VotingDistricts.shp GEOGCS['GCS_North_American_1983',DATUM['D_North_American_1983',SPHEROID['GRS_1980',6378137.0,298.257222101]],PRIMEM['Greenwich',0.0],UNIT['Degree',0.0174532925199433],METADATA['North America - NAD83',167.65,14.93,-47.74,86.45,0.0,0.0174532925199433,0.0,1350]] # GEOGCS['GCS_GRS_1980',DATUM['D_GRS_1980',SPHEROID['GRS_1980',6378137.0,298.2572221]],PRIMEM['Greenwich',0.0],UNIT['Degree',0.0174532925199433],METADATA['Not specified',-180.0,-90.0,180.0,90.0,0.0,0.0174532925199433,0.0,1263]]</Process></lineage></DataProperties><SyncDate>20131010</SyncDate><SyncTime>09531400</SyncTime><ModDate>20131010</ModDate><ModTime>09531400</ModTime><scaleRange><minScale>150000000</minScale><maxScale>5000</maxScale></scaleRange><ArcGISProfile>FGDC</ArcGISProfile></Esri><dataIdInfo><envirDesc Sync="TRUE">Microsoft Windows 7 Version 6.1 (Build 7601) Service Pack 1; Esri ArcGIS 10.1.1.3143</envirDesc><dataLang><languageCode value="eng" Sync="TRUE"/><countryCode value="USA" Sync="TRUE"/></dataLang><idCitation><resTitle Sync="FALSE">2012 Voting Districts</resTitle><presForm><PresFormCd value="005" Sync="TRUE"/></presForm></idCitation><spatRpType><SpatRepTypCd value="001" Sync="TRUE"/></spatRpType><dataExt><geoEle xmlns=""><GeoBndBox esriExtentType="search"><exTypeCode Sync="TRUE">1</exTypeCode><westBL Sync="TRUE">-102.051769</westBL><eastBL Sync="TRUE">-94.588387</eastBL><northBL Sync="TRUE">40.003166</northBL><southBL Sync="TRUE">36.993016</southBL></GeoBndBox></geoEle></dataExt><idPurp>Voting districts following 2012 redistricting</idPurp><idAbs>&lt;DIV STYLE="text-align:Left;"&gt;&lt;DIV&gt;&lt;DIV&gt;&lt;P&gt;&lt;SPAN&gt;During the 2012 Session, the Legislature redrew congressional, legislative, and State Board of Education districts based on the results of the 2010 Census and data acquired by the Secretary of State’s Office.  This process, as required by the Kansas Constitution and federal courts, is to ensure that all districts are nearly equal in population.  Any time a voting district was split by a House, Senate, or Congressional district a new voting district was created.&lt;/SPAN&gt;&lt;/P&gt;&lt;/DIV&gt;&lt;/DIV&gt;&lt;/DIV&gt;</idAbs><idPoC xmlns=""><rpOrgName>Kansas Legislative Research Department</rpOrgName><role><RoleCd value="006"/></role><rpCntInfo xmlns=""><cntAddress addressType="both"><delPoint>300 SW 10th St Room 68 - West Statewhouse</delPoint><city>Topeka</city><adminArea>KS</adminArea><postCode>66612-1504</postCode><eMailAdd>kslegres@klrd.ks.gov</eMailAdd><country>US</country></cntAddress><cntPhone><voiceNum tddtty="">785-296-3677</voiceNum></cntPhone></rpCntInfo></idPoC><idPoC xmlns=""><rpOrgName>Kansas Data Access and Support Center</rpOrgName><role><RoleCd value="005"/></role><rpCntInfo xmlns=""><cntAddress addressType="both"><delPoint>1930 Constant Avenue</delPoint><city>Lawrence</city><adminArea>KS</adminArea><postCode>66047</postCode><eMailAdd>dasc@kgs.ku.edu</eMailAdd><country>US</country></cntAddress><cntPhone><voiceNum tddtty="">785-864-2000</voiceNum></cntPhone><cntHours>0800 - 1700 M-F</cntHours><cntOnlineRes xmlns=""><linkage>www.kansasgis.org</linkage></cntOnlineRes></rpCntInfo></idPoC><idCredit>Kansas Legislative Research Department, Kansas Supreme Court</idCredit><resConst><LegConsts xmlns=""><useLimit>The State of Kansas Geographic Information Systems Core Database's digital data have been tested and their documentation carefully reviewed. However, the State of Kansas Geographic Information Systems Policy Board's Data Access and Support Center and its representatives make no warranty or representation, either expressed or implied, with respect to the digital data and their documentation, their quality, performance, merchantability, or fitness for a particular purpose. The digital data are distributed on "as is" basis, and the user assumes all risk to their quality, the results obtained from their use, and the performance of the data. In no event will the State of Kansas Geographic Information Systems Policy Board or its representatives be liable for any direct, indirect, special, incidental or consequential damages resulting from and defect in the State of Kansas Geographic Information Systems Core Database`s digital data or in their documentation. This disclaimer of warranty is exclusive and in lieu of all others, oral or written, express or implied. No agent or employee is authorized to make any modification, extension, or addition to this warranty.</useLimit></LegConsts></resConst></dataIdInfo><mdLang><languageCode value="eng" Sync="TRUE"/><countryCode value="USA" Sync="TRUE"/></mdLang><mdChar><CharSetCd value="004" Sync="TRUE"/></mdChar><distInfo><distFormat><formatName Sync="TRUE">Shapefile</formatName></distFormat><distTranOps><transSize Sync="TRUE">11.033</transSize></distTranOps></distInfo><mdHrLv><ScopeCd value="005" Sync="TRUE"/></mdHrLv><mdHrLvName Sync="TRUE">dataset</mdHrLvName><refSysInfo><RefSystem><refSysID><identCode code="4269" Sync="TRUE"/><idCodeSpace Sync="TRUE">EPSG</idCodeSpace><idVersion Sync="TRUE">7.11.2</idVersion></refSysID></RefSystem></refSysInfo><spatRepInfo><VectSpatRep><geometObjs Name="KLRD_2012VotingDistricts"><geoObjTyp><GeoObjTypCd value="002" Sync="TRUE"></GeoObjTypCd></geoObjTyp><geoObjCnt Sync="TRUE">4206</geoObjCnt></geometObjs><topLvl><TopoLevCd value="001" Sync="TRUE"></TopoLevCd></topLvl></VectSpatRep></spatRepInfo><spdoinfo><ptvctinf><esriterm Name="KLRD_2012VotingDistricts"><efeatyp Sync="TRUE">Simple</efeatyp><efeageom code="4" Sync="TRUE"></efeageom><esritopo Sync="TRUE">FALSE</esritopo><efeacnt Sync="TRUE">4206</efeacnt><spindex Sync="TRUE">TRUE</spindex><linrefer Sync="TRUE">FALSE</linrefer></esriterm></ptvctinf></spdoinfo><eainfo><detailed Name="KLRD_2012VotingDistricts"><enttyp><enttypl Sync="TRUE">KLRD_2012VotingDistricts</enttypl><enttypt Sync="TRUE">Feature Class</enttypt><enttypc Sync="TRUE">4206</enttypc></enttyp><attr><attrlabl Sync="TRUE">FID</attrlabl><attalias Sync="TRUE">FID</attalias><attrtype Sync="TRUE">OID</attrtype><attwidth Sync="TRUE">4</attwidth><atprecis Sync="TRUE">0</atprecis><attscale Sync="TRUE">0</attscale><attrdef Sync="TRUE">Internal feature number.</attrdef><attrdefs Sync="TRUE">Esri</attrdefs><attrdomv><udom Sync="TRUE">Sequential unique whole numbers that are automatically generated.</udom></attrdomv></attr><attr><attrlabl Sync="TRUE">Shape</attrlabl><attalias Sync="TRUE">Shape</attalias><attrtype Sync="TRUE">Geometry</attrtype><attwidth Sync="TRUE">0</attwidth><atprecis Sync="TRUE">0</atprecis><attscale Sync="TRUE">0</attscale><attrdef Sync="TRUE">Feature geometry.</attrdef><attrdefs Sync="TRUE">Esri</attrdefs><attrdomv><udom Sync="TRUE">Coordinates defining the features.</udom></attrdomv></attr><attr><attrlabl Sync="TRUE">ID</attrlabl><attalias Sync="TRUE">ID</attalias><attrtype Sync="TRUE">Double</attrtype><attwidth Sync="TRUE">12</attwidth><atprecis Sync="TRUE">12</atprecis><attscale Sync="TRUE">0</attscale></attr><attr><attrlabl Sync="TRUE">AREA</attrlabl><attalias Sync="TRUE">AREA</attalias><attrtype Sync="TRUE">Double</attrtype><attwidth Sync="TRUE">10</attwidth><atprecis Sync="TRUE">9</atprecis><attscale Sync="TRUE">2</attscale></attr><attr><attrlabl Sync="TRUE">DATA</attrlabl><attalias Sync="TRUE">DATA</attalias><attrtype Sync="TRUE">Double</attrtype><attwidth Sync="TRUE">12</attwidth><atprecis Sync="TRUE">12</atprecis><attscale Sync="TRUE">0</attscale></attr><attr><attrlabl Sync="TRUE">VTD_2012</attrlabl><attalias Sync="TRUE">VTD_2012</attalias><attrtype Sync="TRUE">String</attrtype><attwidth Sync="TRUE">12</attwidth><atprecis Sync="TRUE">0</atprecis><attscale Sync="TRUE">0</attscale></attr><attr><attrlabl Sync="TRUE">VTDNAME</attrlabl><attalias Sync="TRUE">VTDNAME</attalias><attrtype Sync="TRUE">String</attrtype><attwidth Sync="TRUE">53</attwidth><atprecis Sync="TRUE">0</atprecis><attscale Sync="TRUE">0</attscale></attr><attr><attrlabl Sync="TRUE">VTD_S</attrlabl><attalias Sync="TRUE">VTD_S</attalias><attrtype Sync="TRUE">String</attrtype><attwidth Sync="TRUE">8</attwidth><atprecis Sync="TRUE">0</atprecis><attscale Sync="TRUE">0</attscale></attr><attr><attrlabl Sync="TRUE">POPULATION</attrlabl><attalias Sync="TRUE">POPULATION</attalias><attrtype Sync="TRUE">Double</attrtype><attwidth Sync="TRUE">10</attwidth><atprecis Sync="TRUE">10</atprecis><attscale Sync="TRUE">0</attscale></attr><attr><attrlabl Sync="TRUE">WHITE</attrlabl><attalias Sync="TRUE">WHITE</attalias><attrtype Sync="TRUE">Double</attrtype><attwidth Sync="TRUE">10</attwidth><atprecis Sync="TRUE">10</atprecis><attscale Sync="TRUE">0</attscale></attr><attr><attrlabl Sync="TRUE">BLACK</attrlabl><attalias Sync="TRUE">BLACK</attalias><attrtype Sync="TRUE">Double</attrtype><attwidth Sync="TRUE">10</attwidth><atprecis Sync="TRUE">10</atprecis><attscale Sync="TRUE">0</attscale></attr><attr><attrlabl Sync="TRUE">AMINDIAN</attrlabl><attalias Sync="TRUE">AMINDIAN</attalias><attrtype Sync="TRUE">Double</attrtype><attwidth Sync="TRUE">10</attwidth><atprecis Sync="TRUE">10</atprecis><attscale Sync="TRUE">0</attscale></attr><attr><attrlabl Sync="TRUE">ASIAN</attrlabl><attalias Sync="TRUE">ASIAN</attalias><attrtype Sync="TRUE">Double</attrtype><attwidth Sync="TRUE">10</attwidth><atprecis Sync="TRUE">10</atprecis><attscale Sync="TRUE">0</attscale></attr><attr><attrlabl Sync="TRUE">HAWAIIAN</attrlabl><attalias Sync="TRUE">HAWAIIAN</attalias><attrtype Sync="TRUE">Double</attrtype><attwidth Sync="TRUE">10</attwidth><atprecis Sync="TRUE">10</atprecis><attscale Sync="TRUE">0</attscale></attr><attr><attrlabl Sync="TRUE">OTHER</attrlabl><attalias Sync="TRUE">OTHER</attalias><attrtype Sync="TRUE">Double</attrtype><attwidth Sync="TRUE">10</attwidth><atprecis Sync="TRUE">10</atprecis><attscale Sync="TRUE">0</attscale></attr><attr><attrlabl Sync="TRUE">F2_RACES</attrlabl><attalias Sync="TRUE">F2_RACES</attalias><attrtype Sync="TRUE">Double</attrtype><attwidth Sync="TRUE">10</attwidth><atprecis Sync="TRUE">10</atprecis><attscale Sync="TRUE">0</attscale></attr><attr><attrlabl Sync="TRUE">HISPANIC_O</attrlabl><attalias Sync="TRUE">HISPANIC_O</attalias><attrtype Sync="TRUE">Double</attrtype><attwidth Sync="TRUE">10</attwidth><atprecis Sync="TRUE">10</atprecis><attscale Sync="TRUE">0</attscale></attr><attr><attrlabl Sync="TRUE">NOT_HISPAN</attrlabl><attalias Sync="TRUE">NOT_HISPAN</attalias><attrtype Sync="TRUE">Double</attrtype><attwidth Sync="TRUE">10</attwidth><atprecis Sync="TRUE">10</atprecis><attscale Sync="TRUE">0</attscale></attr><attr><attrlabl Sync="TRUE">NH_WHT</attrlabl><attalias Sync="TRUE">NH_WHT</attalias><attrtype Sync="TRUE">Double</attrtype><attwidth Sync="TRUE">10</attwidth><atprecis Sync="TRUE">10</atprecis><attscale Sync="TRUE">0</attscale></attr><attr><attrlabl Sync="TRUE">NH_BLK</attrlabl><attalias Sync="TRUE">NH_BLK</attalias><attrtype Sync="TRUE">Double</attrtype><attwidth Sync="TRUE">10</attwidth><atprecis Sync="TRUE">10</atprecis><attscale Sync="TRUE">0</attscale></attr><attr><attrlabl Sync="TRUE">NH_IND</attrlabl><attalias Sync="TRUE">NH_IND</attalias><attrtype Sync="TRUE">Double</attrtype><attwidth Sync="TRUE">10</attwidth><atprecis Sync="TRUE">10</atprecis><attscale Sync="TRUE">0</attscale></attr><attr><attrlabl Sync="TRUE">NH_ASN</attrlabl><attalias Sync="TRUE">NH_ASN</attalias><attrtype Sync="TRUE">Double</attrtype><attwidth Sync="TRUE">10</attwidth><atprecis Sync="TRUE">10</atprecis><attscale Sync="TRUE">0</attscale></attr><attr><attrlabl Sync="TRUE">NH_HWN</attrlabl><attalias Sync="TRUE">NH_HWN</attalias><attrtype Sync="TRUE">Double</attrtype><attwidth Sync="TRUE">10</attwidth><atprecis Sync="TRUE">10</atprecis><attscale Sync="TRUE">0</attscale></attr><attr><attrlabl Sync="TRUE">NH_OTH</attrlabl><attalias Sync="TRUE">NH_OTH</attalias><attrtype Sync="TRUE">Double</attrtype><attwidth Sync="TRUE">10</attwidth><atprecis Sync="TRUE">10</atprecis><attscale Sync="TRUE">0</attscale></attr><attr><attrlabl Sync="TRUE">NH_2_RACES</attrlabl><attalias Sync="TRUE">NH_2_RACES</attalias><attrtype Sync="TRUE">Double</attrtype><attwidth Sync="TRUE">10</attwidth><atprecis Sync="TRUE">10</atprecis><attscale Sync="TRUE">0</attscale></attr><attr><attrlabl Sync="TRUE">NH_DOJ_BLK</attrlabl><attalias Sync="TRUE">NH_DOJ_BLK</attalias><attrtype Sync="TRUE">Double</attrtype><attwidth Sync="TRUE">10</attwidth><atprecis Sync="TRUE">10</atprecis><attscale Sync="TRUE">0</attscale></attr><attr><attrlabl Sync="TRUE">NH_DOJ_IND</attrlabl><attalias Sync="TRUE">NH_DOJ_IND</attalias><attrtype Sync="TRUE">Double</attrtype><attwidth Sync="TRUE">10</attwidth><atprecis Sync="TRUE">10</atprecis><attscale Sync="TRUE">0</attscale></attr><attr><attrlabl Sync="TRUE">NH_DOJ_ASN</attrlabl><attalias Sync="TRUE">NH_DOJ_ASN</attalias><attrtype Sync="TRUE">Double</attrtype><attwidth Sync="TRUE">10</attwidth><atprecis Sync="TRUE">10</atprecis><attscale Sync="TRUE">0</attscale></attr><attr><attrlabl Sync="TRUE">NH_DOJ_HWN</attrlabl><attalias Sync="TRUE">NH_DOJ_HWN</attalias><attrtype Sync="TRUE">Double</attrtype><attwidth Sync="TRUE">10</attwidth><atprecis Sync="TRUE">10</atprecis><attscale Sync="TRUE">0</attscale></attr><attr><attrlabl Sync="TRUE">NH_DOJ_OTH</attrlabl><attalias Sync="TRUE">NH_DOJ_OTH</attalias><attrtype Sync="TRUE">Double</attrtype><attwidth Sync="TRUE">10</attwidth><atprecis Sync="TRUE">10</atprecis><attscale Sync="TRUE">0</attscale></attr><attr><attrlabl Sync="TRUE">NH_DOJ_OT1</attrlabl><attalias Sync="TRUE">NH_DOJ_OT1</attalias><attrtype Sync="TRUE">Double</attrtype><attwidth Sync="TRUE">10</attwidth><atprecis Sync="TRUE">10</atprecis><attscale Sync="TRUE">0</attscale></attr><attr><attrlabl Sync="TRUE">F18_POP</attrlabl><attalias Sync="TRUE">F18_POP</attalias><attrtype Sync="TRUE">Double</attrtype><attwidth Sync="TRUE">10</attwidth><atprecis Sync="TRUE">10</atprecis><attscale Sync="TRUE">0</attscale></attr><attr><attrlabl Sync="TRUE">F18_WHT</attrlabl><attalias Sync="TRUE">F18_WHT</attalias><attrtype Sync="TRUE">Double</attrtype><attwidth Sync="TRUE">10</attwidth><atprecis Sync="TRUE">10</atprecis><attscale Sync="TRUE">0</attscale></attr><attr><attrlabl Sync="TRUE">F18_BLK</attrlabl><attalias Sync="TRUE">F18_BLK</attalias><attrtype Sync="TRUE">Double</attrtype><attwidth Sync="TRUE">10</attwidth><atprecis Sync="TRUE">10</atprecis><attscale Sync="TRUE">0</attscale></attr><attr><attrlabl Sync="TRUE">F18_IND</attrlabl><attalias Sync="TRUE">F18_IND</attalias><attrtype Sync="TRUE">Double</attrtype><attwidth Sync="TRUE">10</attwidth><atprecis Sync="TRUE">10</atprecis><attscale Sync="TRUE">0</attscale></attr><attr><attrlabl Sync="TRUE">F18_ASN</attrlabl><attalias Sync="TRUE">F18_ASN</attalias><attrtype Sync="TRUE">Double</attrtype><attwidth Sync="TRUE">10</attwidth><atprecis Sync="TRUE">10</atprecis><attscale Sync="TRUE">0</attscale></attr><attr><attrlabl Sync="TRUE">F18_HWN</attrlabl><attalias Sync="TRUE">F18_HWN</attalias><attrtype Sync="TRUE">Double</attrtype><attwidth Sync="TRUE">10</attwidth><atprecis Sync="TRUE">10</atprecis><attscale Sync="TRUE">0</attscale></attr><attr><attrlabl Sync="TRUE">F18_OTH</attrlabl><attalias Sync="TRUE">F18_OTH</attalias><attrtype Sync="TRUE">Double</attrtype><attwidth Sync="TRUE">10</attwidth><atprecis Sync="TRUE">10</atprecis><attscale Sync="TRUE">0</attscale></attr><attr><attrlabl Sync="TRUE">F18_2_RACE</attrlabl><attalias Sync="TRUE">F18_2_RACE</attalias><attrtype Sync="TRUE">Double</attrtype><attwidth Sync="TRUE">10</attwidth><atprecis Sync="TRUE">10</atprecis><attscale Sync="TRUE">0</attscale></attr><attr><attrlabl Sync="TRUE">H18_POP</attrlabl><attalias Sync="TRUE">H18_POP</attalias><attrtype Sync="TRUE">Double</attrtype><attwidth Sync="TRUE">10</attwidth><atprecis Sync="TRUE">10</atprecis><attscale Sync="TRUE">0</attscale></attr><attr><attrlabl Sync="TRUE">NH18_POP</attrlabl><attalias Sync="TRUE">NH18_POP</attalias><attrtype Sync="TRUE">Double</attrtype><attwidth Sync="TRUE">10</attwidth><atprecis Sync="TRUE">10</atprecis><attscale Sync="TRUE">0</attscale></attr><attr><attrlabl Sync="TRUE">NH18_WHT</attrlabl><attalias Sync="TRUE">NH18_WHT</attalias><attrtype Sync="TRUE">Double</attrtype><attwidth Sync="TRUE">10</attwidth><atprecis Sync="TRUE">10</atprecis><attscale Sync="TRUE">0</attscale></attr><attr><attrlabl Sync="TRUE">NH18_BLK</attrlabl><attalias Sync="TRUE">NH18_BLK</attalias><attrtype Sync="TRUE">Double</attrtype><attwidth Sync="TRUE">10</attwidth><atprecis Sync="TRUE">10</atprecis><attscale Sync="TRUE">0</attscale></attr><attr><attrlabl Sync="TRUE">NH18_IND</attrlabl><attalias Sync="TRUE">NH18_IND</attalias><attrtype Sync="TRUE">Double</attrtype><attwidth Sync="TRUE">10</attwidth><atprecis Sync="TRUE">10</atprecis><attscale Sync="TRUE">0</attscale></attr><attr><attrlabl Sync="TRUE">NH18_ASN</attrlabl><attalias Sync="TRUE">NH18_ASN</attalias><attrtype Sync="TRUE">Double</attrtype><attwidth Sync="TRUE">10</attwidth><atprecis Sync="TRUE">10</atprecis><attscale Sync="TRUE">0</attscale></attr><attr><attrlabl Sync="TRUE">NH18_HWN</attrlabl><attalias Sync="TRUE">NH18_HWN</attalias><attrtype Sync="TRUE">Double</attrtype><attwidth Sync="TRUE">10</attwidth><atprecis Sync="TRUE">10</atprecis><attscale Sync="TRUE">0</attscale></attr><attr><attrlabl Sync="TRUE">NH18_OTH</attrlabl><attalias Sync="TRUE">NH18_OTH</attalias><attrtype Sync="TRUE">Double</attrtype><attwidth Sync="TRUE">10</attwidth><atprecis Sync="TRUE">10</atprecis><attscale Sync="TRUE">0</attscale></attr><attr><attrlabl Sync="TRUE">NH18_2_RAC</attrlabl><attalias Sync="TRUE">NH18_2_RAC</attalias><attrtype Sync="TRUE">Double</attrtype><attwidth Sync="TRUE">10</attwidth><atprecis Sync="TRUE">10</atprecis><attscale Sync="TRUE">0</attscale></attr><attr><attrlabl Sync="TRUE">NH18_DOJ_B</attrlabl><attalias Sync="TRUE">NH18_DOJ_B</attalias><attrtype Sync="TRUE">Double</attrtype><attwidth Sync="TRUE">10</attwidth><atprecis Sync="TRUE">10</atprecis><attscale Sync="TRUE">0</attscale></attr><attr><attrlabl Sync="TRUE">NH18_DOJ_I</attrlabl><attalias Sync="TRUE">NH18_DOJ_I</attalias><attrtype Sync="TRUE">Double</attrtype><attwidth Sync="TRUE">10</attwidth><atprecis Sync="TRUE">10</atprecis><attscale Sync="TRUE">0</attscale></attr><attr><attrlabl Sync="TRUE">NH18_DOJ_A</attrlabl><attalias Sync="TRUE">NH18_DOJ_A</attalias><attrtype Sync="TRUE">Double</attrtype><attwidth Sync="TRUE">10</attwidth><atprecis Sync="TRUE">10</atprecis><attscale Sync="TRUE">0</attscale></attr><attr><attrlabl Sync="TRUE">NH18_DOJ_H</attrlabl><attalias Sync="TRUE">NH18_DOJ_H</attalias><attrtype Sync="TRUE">Double</attrtype><attwidth Sync="TRUE">10</attwidth><atprecis Sync="TRUE">10</atprecis><attscale Sync="TRUE">0</attscale></attr><attr><attrlabl Sync="TRUE">NH18_DOJ_O</attrlabl><attalias Sync="TRUE">NH18_DOJ_O</attalias><attrtype Sync="TRUE">Double</attrtype><attwidth Sync="TRUE">10</attwidth><atprecis Sync="TRUE">10</atprecis><attscale Sync="TRUE">0</attscale></attr><attr><attrlabl Sync="TRUE">NH18_DOJ_1</attrlabl><attalias Sync="TRUE">NH18_DOJ_1</attalias><attrtype Sync="TRUE">Double</attrtype><attwidth Sync="TRUE">10</attwidth><atprecis Sync="TRUE">10</atprecis><attscale Sync="TRUE">0</attscale></attr><attr><attrlabl Sync="TRUE">HOUSING_UN</attrlabl><attalias Sync="TRUE">HOUSING_UN</attalias><attrtype Sync="TRUE">Double</attrtype><attwidth Sync="TRUE">10</attwidth><atprecis Sync="TRUE">10</atprecis><attscale Sync="TRUE">0</attscale></attr><attr><attrlabl Sync="TRUE">HU_OCCUPIE</attrlabl><attalias Sync="TRUE">HU_OCCUPIE</attalias><attrtype Sync="TRUE">Double</attrtype><attwidth Sync="TRUE">10</attwidth><atprecis Sync="TRUE">10</atprecis><attscale Sync="TRUE">0</attscale></attr><attr><attrlabl Sync="TRUE">HU_VACANT</attrlabl><attalias Sync="TRUE">HU_VACANT</attalias><attrtype Sync="TRUE">Double</attrtype><attwidth Sync="TRUE">10</attwidth><atprecis Sync="TRUE">10</atprecis><attscale Sync="TRUE">0</attscale></attr><attr><attrlabl Sync="TRUE">IN_GROUP_Q</attrlabl><attalias Sync="TRUE">IN_GROUP_Q</attalias><attrtype Sync="TRUE">Double</attrtype><attwidth Sync="TRUE">10</attwidth><atprecis Sync="TRUE">10</atprecis><attscale Sync="TRUE">0</attscale></attr><attr><attrlabl Sync="TRUE">INGRP_INST</attrlabl><attalias Sync="TRUE">INGRP_INST</attalias><attrtype Sync="TRUE">Double</attrtype><attwidth Sync="TRUE">10</attwidth><atprecis Sync="TRUE">10</atprecis><attscale Sync="TRUE">0</attscale></attr><attr><attrlabl Sync="TRUE">INGRP_CORR</attrlabl><attalias Sync="TRUE">INGRP_CORR</attalias><attrtype Sync="TRUE">Double</attrtype><attwidth Sync="TRUE">10</attwidth><atprecis Sync="TRUE">10</atprecis><attscale Sync="TRUE">0</attscale></attr><attr><attrlabl Sync="TRUE">INGRP_JUVE</attrlabl><attalias Sync="TRUE">INGRP_JUVE</attalias><attrtype Sync="TRUE">Double</attrtype><attwidth Sync="TRUE">10</attwidth><atprecis Sync="TRUE">10</atprecis><attscale Sync="TRUE">0</attscale></attr><attr><attrlabl Sync="TRUE">INGRP_NURS</attrlabl><attalias Sync="TRUE">INGRP_NURS</attalias><attrtype Sync="TRUE">Double</attrtype><attwidth Sync="TRUE">10</attwidth><atprecis Sync="TRUE">10</atprecis><attscale Sync="TRUE">0</attscale></attr><attr><attrlabl Sync="TRUE">INGRP_OTHE</attrlabl><attalias Sync="TRUE">INGRP_OTHE</attalias><attrtype Sync="TRUE">Double</attrtype><attwidth Sync="TRUE">10</attwidth><atprecis Sync="TRUE">10</atprecis><attscale Sync="TRUE">0</attscale></attr><attr><attrlabl Sync="TRUE">INGRP_NONI</attrlabl><attalias Sync="TRUE">INGRP_NONI</attalias><attrtype Sync="TRUE">Double</attrtype><attwidth Sync="TRUE">10</attwidth><atprecis Sync="TRUE">10</atprecis><attscale Sync="TRUE">0</attscale></attr><attr><attrlabl Sync="TRUE">INGRP_COLL</attrlabl><attalias Sync="TRUE">INGRP_COLL</attalias><attrtype Sync="TRUE">Double</attrtype><attwidth Sync="TRUE">10</attwidth><atprecis Sync="TRUE">10</atprecis><attscale Sync="TRUE">0</attscale></attr><attr><attrlabl Sync="TRUE">INGRP_MILI</attrlabl><attalias Sync="TRUE">INGRP_MILI</attalias><attrtype Sync="TRUE">Double</attrtype><attwidth Sync="TRUE">10</attwidth><atprecis Sync="TRUE">10</atprecis><attscale Sync="TRUE">0</attscale></attr><attr><attrlabl Sync="TRUE">INGRP_OTH1</attrlabl><attalias Sync="TRUE">INGRP_OTH1</attalias><attrtype Sync="TRUE">Double</attrtype><attwidth Sync="TRUE">10</attwidth><atprecis Sync="TRUE">10</atprecis><attscale Sync="TRUE">0</attscale></attr><attr><attrlabl Sync="TRUE">ADJ_POPULA</attrlabl><attalias Sync="TRUE">ADJ_POPULA</attalias><attrtype Sync="TRUE">Double</attrtype><attwidth Sync="TRUE">10</attwidth><atprecis Sync="TRUE">10</atprecis><attscale Sync="TRUE">0</attscale></attr><attr><attrlabl Sync="TRUE">ADJ_WHITE</attrlabl><attalias Sync="TRUE">ADJ_WHITE</attalias><attrtype Sync="TRUE">Double</attrtype><attwidth Sync="TRUE">10</attwidth><atprecis Sync="TRUE">10</atprecis><attscale Sync="TRUE">0</attscale></attr><attr><attrlabl Sync="TRUE">ADJ_BLACK</attrlabl><attalias Sync="TRUE">ADJ_BLACK</attalias><attrtype Sync="TRUE">Double</attrtype><attwidth Sync="TRUE">10</attwidth><atprecis Sync="TRUE">10</atprecis><attscale Sync="TRUE">0</attscale></attr><attr><attrlabl Sync="TRUE">ADJ_AMINDI</attrlabl><attalias Sync="TRUE">ADJ_AMINDI</attalias><attrtype Sync="TRUE">Double</attrtype><attwidth Sync="TRUE">10</attwidth><atprecis Sync="TRUE">10</atprecis><attscale Sync="TRUE">0</attscale></attr><attr><attrlabl Sync="TRUE">ADJ_ASIAN</attrlabl><attalias Sync="TRUE">ADJ_ASIAN</attalias><attrtype Sync="TRUE">Double</attrtype><attwidth Sync="TRUE">10</attwidth><atprecis Sync="TRUE">10</atprecis><attscale Sync="TRUE">0</attscale></attr><attr><attrlabl Sync="TRUE">ADJ_HAWAII</attrlabl><attalias Sync="TRUE">ADJ_HAWAII</attalias><attrtype Sync="TRUE">Double</attrtype><attwidth Sync="TRUE">10</attwidth><atprecis Sync="TRUE">10</atprecis><attscale Sync="TRUE">0</attscale></attr><attr><attrlabl Sync="TRUE">ADJ_OTHER</attrlabl><attalias Sync="TRUE">ADJ_OTHER</attalias><attrtype Sync="TRUE">Double</attrtype><attwidth Sync="TRUE">10</attwidth><atprecis Sync="TRUE">10</atprecis><attscale Sync="TRUE">0</attscale></attr><attr><attrlabl Sync="TRUE">ADJ_2_RACE</attrlabl><attalias Sync="TRUE">ADJ_2_RACE</attalias><attrtype Sync="TRUE">Double</attrtype><attwidth Sync="TRUE">10</attwidth><atprecis Sync="TRUE">10</atprecis><attscale Sync="TRUE">0</attscale></attr><attr><attrlabl Sync="TRUE">ADJ_HISPAN</attrlabl><attalias Sync="TRUE">ADJ_HISPAN</attalias><attrtype Sync="TRUE">Double</attrtype><attwidth Sync="TRUE">10</attwidth><atprecis Sync="TRUE">10</atprecis><attscale Sync="TRUE">0</attscale></attr><attr><attrlabl Sync="TRUE">ADJ_NOT_HI</attrlabl><attalias Sync="TRUE">ADJ_NOT_HI</attalias><attrtype Sync="TRUE">Double</attrtype><attwidth Sync="TRUE">10</attwidth><atprecis Sync="TRUE">10</atprecis><attscale Sync="TRUE">0</attscale></attr><attr><attrlabl Sync="TRUE">ADJ_NH_WHT</attrlabl><attalias Sync="TRUE">ADJ_NH_WHT</attalias><attrtype Sync="TRUE">Double</attrtype><attwidth Sync="TRUE">10</attwidth><atprecis Sync="TRUE">10</atprecis><attscale Sync="TRUE">0</attscale></attr><attr><attrlabl Sync="TRUE">ADJ_NH_BLK</attrlabl><attalias Sync="TRUE">ADJ_NH_BLK</attalias><attrtype Sync="TRUE">Double</attrtype><attwidth Sync="TRUE">10</attwidth><atprecis Sync="TRUE">10</atprecis><attscale Sync="TRUE">0</attscale></attr><attr><attrlabl Sync="TRUE">ADJ_NH_IND</attrlabl><attalias Sync="TRUE">ADJ_NH_IND</attalias><attrtype Sync="TRUE">Double</attrtype><attwidth Sync="TRUE">10</attwidth><atprecis Sync="TRUE">10</atprecis><attscale Sync="TRUE">0</attscale></attr><attr><attrlabl Sync="TRUE">ADJ_NH_ASN</attrlabl><attalias Sync="TRUE">ADJ_NH_ASN</attalias><attrtype Sync="TRUE">Double</attrtype><attwidth Sync="TRUE">10</attwidth><atprecis Sync="TRUE">10</atprecis><attscale Sync="TRUE">0</attscale></attr><attr><attrlabl Sync="TRUE">ADJ_NH_HWN</attrlabl><attalias Sync="TRUE">ADJ_NH_HWN</attalias><attrtype Sync="TRUE">Double</attrtype><attwidth Sync="TRUE">10</attwidth><atprecis Sync="TRUE">10</atprecis><attscale Sync="TRUE">0</attscale></attr><attr><attrlabl Sync="TRUE">ADJ_NH_OTH</attrlabl><attalias Sync="TRUE">ADJ_NH_OTH</attalias><attrtype Sync="TRUE">Double</attrtype><attwidth Sync="TRUE">10</attwidth><atprecis Sync="TRUE">10</atprecis><attscale Sync="TRUE">0</attscale></attr><attr><attrlabl Sync="TRUE">ADJ_NH_2_R</attrlabl><attalias Sync="TRUE">ADJ_NH_2_R</attalias><attrtype Sync="TRUE">Double</attrtype><attwidth Sync="TRUE">10</attwidth><atprecis Sync="TRUE">10</atprecis><attscale Sync="TRUE">0</attscale></attr><attr><attrlabl Sync="TRUE">ADJ_NH_DOJ</attrlabl><attalias Sync="TRUE">ADJ_NH_DOJ</attalias><attrtype Sync="TRUE">Double</attrtype><attwidth Sync="TRUE">10</attwidth><atprecis Sync="TRUE">10</atprecis><attscale Sync="TRUE">0</attscale></attr><attr><attrlabl Sync="TRUE">ADJ_NH_DO1</attrlabl><attalias Sync="TRUE">ADJ_NH_DO1</attalias><attrtype Sync="TRUE">Double</attrtype><attwidth Sync="TRUE">10</attwidth><atprecis Sync="TRUE">10</atprecis><attscale Sync="TRUE">0</attscale></attr><attr><attrlabl Sync="TRUE">ADJ_NH_DO2</attrlabl><attalias Sync="TRUE">ADJ_NH_DO2</attalias><attrtype Sync="TRUE">Double</attrtype><attwidth Sync="TRUE">10</attwidth><atprecis Sync="TRUE">10</atprecis><attscale Sync="TRUE">0</attscale></attr><attr><attrlabl Sync="TRUE">ADJ_NH_DO3</attrlabl><attalias Sync="TRUE">ADJ_NH_DO3</attalias><attrtype Sync="TRUE">Double</attrtype><attwidth Sync="TRUE">10</attwidth><atprecis Sync="TRUE">10</atprecis><attscale Sync="TRUE">0</attscale></attr><attr><attrlabl Sync="TRUE">ADJ_NH_DO4</attrlabl><attalias Sync="TRUE">ADJ_NH_DO4</attalias><attrtype Sync="TRUE">Double</attrtype><attwidth Sync="TRUE">10</attwidth><atprecis Sync="TRUE">10</atprecis><attscale Sync="TRUE">0</attscale></attr><attr><attrlabl Sync="TRUE">ADJ_NH_DO5</attrlabl><attalias Sync="TRUE">ADJ_NH_DO5</attalias><attrtype Sync="TRUE">Double</attrtype><attwidth Sync="TRUE">10</attwidth><atprecis Sync="TRUE">10</atprecis><attscale Sync="TRUE">0</attscale></attr><attr><attrlabl Sync="TRUE">ADJ_18_POP</attrlabl><attalias Sync="TRUE">ADJ_18_POP</attalias><attrtype Sync="TRUE">Double</attrtype><attwidth Sync="TRUE">10</attwidth><atprecis Sync="TRUE">10</atprecis><attscale Sync="TRUE">0</attscale></attr><attr><attrlabl Sync="TRUE">ADJ_18_WHT</attrlabl><attalias Sync="TRUE">ADJ_18_WHT</attalias><attrtype Sync="TRUE">Double</attrtype><attwidth Sync="TRUE">10</attwidth><atprecis Sync="TRUE">10</atprecis><attscale Sync="TRUE">0</attscale></attr><attr><attrlabl Sync="TRUE">ADJ_18_BLK</attrlabl><attalias Sync="TRUE">ADJ_18_BLK</attalias><attrtype Sync="TRUE">Double</attrtype><attwidth Sync="TRUE">10</attwidth><atprecis Sync="TRUE">10</atprecis><attscale Sync="TRUE">0</attscale></attr><attr><attrlabl Sync="TRUE">ADJ_18_IND</attrlabl><attalias Sync="TRUE">ADJ_18_IND</attalias><attrtype Sync="TRUE">Double</attrtype><attwidth Sync="TRUE">10</attwidth><atprecis Sync="TRUE">10</atprecis><attscale Sync="TRUE">0</attscale></attr><attr><attrlabl Sync="TRUE">ADJ_18_ASN</attrlabl><attalias Sync="TRUE">ADJ_18_ASN</attalias><attrtype Sync="TRUE">Double</attrtype><attwidth Sync="TRUE">10</attwidth><atprecis Sync="TRUE">10</atprecis><attscale Sync="TRUE">0</attscale></attr><attr><attrlabl Sync="TRUE">ADJ_18_HWN</attrlabl><attalias Sync="TRUE">ADJ_18_HWN</attalias><attrtype Sync="TRUE">Double</attrtype><attwidth Sync="TRUE">10</attwidth><atprecis Sync="TRUE">10</atprecis><attscale Sync="TRUE">0</attscale></attr><attr><attrlabl Sync="TRUE">ADJ_18_OTH</attrlabl><attalias Sync="TRUE">ADJ_18_OTH</attalias><attrtype Sync="TRUE">Double</attrtype><attwidth Sync="TRUE">10</attwidth><atprecis Sync="TRUE">10</atprecis><attscale Sync="TRUE">0</attscale></attr><attr><attrlabl Sync="TRUE">ADJ_18_2_R</attrlabl><attalias Sync="TRUE">ADJ_18_2_R</attalias><attrtype Sync="TRUE">Double</attrtype><attwidth Sync="TRUE">10</attwidth><atprecis Sync="TRUE">10</atprecis><attscale Sync="TRUE">0</attscale></attr><attr><attrlabl Sync="TRUE">ADJ_H18_PO</attrlabl><attalias Sync="TRUE">ADJ_H18_PO</attalias><attrtype Sync="TRUE">Double</attrtype><attwidth Sync="TRUE">10</attwidth><atprecis Sync="TRUE">10</atprecis><attscale Sync="TRUE">0</attscale></attr><attr><attrlabl Sync="TRUE">ADJ_NH18_P</attrlabl><attalias Sync="TRUE">ADJ_NH18_P</attalias><attrtype Sync="TRUE">Double</attrtype><attwidth Sync="TRUE">10</attwidth><atprecis Sync="TRUE">10</atprecis><attscale Sync="TRUE">0</attscale></attr><attr><attrlabl Sync="TRUE">ADJ_NH18_W</attrlabl><attalias Sync="TRUE">ADJ_NH18_W</attalias><attrtype Sync="TRUE">Double</attrtype><attwidth Sync="TRUE">10</attwidth><atprecis Sync="TRUE">10</atprecis><attscale Sync="TRUE">0</attscale></attr><attr><attrlabl Sync="TRUE">ADJ_NH18_B</attrlabl><attalias Sync="TRUE">ADJ_NH18_B</attalias><attrtype Sync="TRUE">Double</attrtype><attwidth Sync="TRUE">10</attwidth><atprecis Sync="TRUE">10</atprecis><attscale Sync="TRUE">0</attscale></attr><attr><attrlabl Sync="TRUE">ADJ_NH18_I</attrlabl><attalias Sync="TRUE">ADJ_NH18_I</attalias><attrtype Sync="TRUE">Double</attrtype><attwidth Sync="TRUE">10</attwidth><atprecis Sync="TRUE">10</atprecis><attscale Sync="TRUE">0</attscale></attr><attr><attrlabl Sync="TRUE">ADJ_NH18_A</attrlabl><attalias Sync="TRUE">ADJ_NH18_A</attalias><attrtype Sync="TRUE">Double</attrtype><attwidth Sync="TRUE">10</attwidth><atprecis Sync="TRUE">10</atprecis><attscale Sync="TRUE">0</attscale></attr><attr><attrlabl Sync="TRUE">ADJ_NH18_H</attrlabl><attalias Sync="TRUE">ADJ_NH18_H</attalias><attrtype Sync="TRUE">Double</attrtype><attwidth Sync="TRUE">10</attwidth><atprecis Sync="TRUE">10</atprecis><attscale Sync="TRUE">0</attscale></attr><attr><attrlabl Sync="TRUE">ADJ_NH18_O</attrlabl><attalias Sync="TRUE">ADJ_NH18_O</attalias><attrtype Sync="TRUE">Double</attrtype><attwidth Sync="TRUE">10</attwidth><atprecis Sync="TRUE">10</atprecis><attscale Sync="TRUE">0</attscale></attr><attr><attrlabl Sync="TRUE">ADJ_NH18_2</attrlabl><attalias Sync="TRUE">ADJ_NH18_2</attalias><attrtype Sync="TRUE">Double</attrtype><attwidth Sync="TRUE">10</attwidth><atprecis Sync="TRUE">10</atprecis><attscale Sync="TRUE">0</attscale></attr><attr><attrlabl Sync="TRUE">ADJ_NH18_D</attrlabl><attalias Sync="TRUE">ADJ_NH18_D</attalias><attrtype Sync="TRUE">Double</attrtype><attwidth Sync="TRUE">10</attwidth><atprecis Sync="TRUE">10</atprecis><attscale Sync="TRUE">0</attscale></attr><attr><attrlabl Sync="TRUE">ADJ_NH18_1</attrlabl><attalias Sync="TRUE">ADJ_NH18_1</attalias><attrtype Sync="TRUE">Double</attrtype><attwidth Sync="TRUE">10</attwidth><atprecis Sync="TRUE">10</atprecis><attscale Sync="TRUE">0</attscale></attr><attr><attrlabl Sync="TRUE">ADJ_NH18_3</attrlabl><attalias Sync="TRUE">ADJ_NH18_3</attalias><attrtype Sync="TRUE">Double</attrtype><attwidth Sync="TRUE">10</attwidth><atprecis Sync="TRUE">10</atprecis><attscale Sync="TRUE">0</attscale></attr><attr><attrlabl Sync="TRUE">ADJ_NH18_4</attrlabl><attalias Sync="TRUE">ADJ_NH18_4</attalias><attrtype Sync="TRUE">Double</attrtype><attwidth Sync="TRUE">10</attwidth><atprecis Sync="TRUE">10</atprecis><attscale Sync="TRUE">0</attscale></attr><attr><attrlabl Sync="TRUE">ADJ_NH18_5</attrlabl><attalias Sync="TRUE">ADJ_NH18_5</attalias><attrtype Sync="TRUE">Double</attrtype><attwidth Sync="TRUE">10</attwidth><atprecis Sync="TRUE">10</atprecis><attscale Sync="TRUE">0</attscale></attr><attr><attrlabl Sync="TRUE">ADJ_NH18_6</attrlabl><attalias Sync="TRUE">ADJ_NH18_6</attalias><attrtype Sync="TRUE">Double</attrtype><attwidth Sync="TRUE">10</attwidth><atprecis Sync="TRUE">10</atprecis><attscale Sync="TRUE">0</attscale></attr><attr><attrlabl Sync="TRUE">VR_08_DEM</attrlabl><attalias Sync="TRUE">VR_08_DEM</attalias><attrtype Sync="TRUE">Double</attrtype><attwidth Sync="TRUE">12</attwidth><atprecis Sync="TRUE">12</atprecis><attscale Sync="TRUE">0</attscale></attr><attr><attrlabl Sync="TRUE">VR_08_LIB</attrlabl><attalias Sync="TRUE">VR_08_LIB</attalias><attrtype Sync="TRUE">Double</attrtype><attwidth Sync="TRUE">12</attwidth><atprecis Sync="TRUE">12</atprecis><attscale Sync="TRUE">0</attscale></attr><attr><attrlabl Sync="TRUE">VR_08_REF</attrlabl><attalias Sync="TRUE">VR_08_REF</attalias><attrtype Sync="TRUE">Double</attrtype><attwidth Sync="TRUE">12</attwidth><atprecis Sync="TRUE">12</atprecis><attscale Sync="TRUE">0</attscale></attr><attr><attrlabl Sync="TRUE">VR_08_REP</attrlabl><attalias Sync="TRUE">VR_08_REP</attalias><attrtype Sync="TRUE">Double</attrtype><attwidth Sync="TRUE">12</attwidth><atprecis Sync="TRUE">12</atprecis><attscale Sync="TRUE">0</attscale></attr><attr><attrlabl Sync="TRUE">VR_08_UNAF</attrlabl><attalias Sync="TRUE">VR_08_UNAF</attalias><attrtype Sync="TRUE">Double</attrtype><attwidth Sync="TRUE">12</attwidth><atprecis Sync="TRUE">12</atprecis><attscale Sync="TRUE">0</attscale></attr><attr><attrlabl Sync="TRUE">VR_08_TOT</attrlabl><attalias Sync="TRUE">VR_08_TOT</attalias><attrtype Sync="TRUE">Double</attrtype><attwidth Sync="TRUE">12</attwidth><atprecis Sync="TRUE">12</atprecis><attscale Sync="TRUE">0</attscale></attr><attr><attrlabl Sync="TRUE">PRES_08_DE</attrlabl><attalias Sync="TRUE">PRES_08_DE</attalias><attrtype Sync="TRUE">Double</attrtype><attwidth Sync="TRUE">12</attwidth><atprecis Sync="TRUE">12</atprecis><attscale Sync="TRUE">0</attscale></attr><attr><attrlabl Sync="TRUE">PRES_08_RE</attrlabl><attalias Sync="TRUE">PRES_08_RE</attalias><attrtype Sync="TRUE">Double</attrtype><attwidth Sync="TRUE">12</attwidth><atprecis Sync="TRUE">12</atprecis><attscale Sync="TRUE">0</attscale></attr><attr><attrlabl Sync="TRUE">PRES_08_OT</attrlabl><attalias Sync="TRUE">PRES_08_OT</attalias><attrtype Sync="TRUE">Double</attrtype><attwidth Sync="TRUE">12</attwidth><atprecis Sync="TRUE">12</atprecis><attscale Sync="TRUE">0</attscale></attr><attr><attrlabl Sync="TRUE">PRES_08_TO</attrlabl><attalias Sync="TRUE">PRES_08_TO</attalias><attrtype Sync="TRUE">Double</attrtype><attwidth Sync="TRUE">12</attwidth><atprecis Sync="TRUE">12</atprecis><attscale Sync="TRUE">0</attscale></attr><attr><attrlabl Sync="TRUE">USSEN_08_D</attrlabl><attalias Sync="TRUE">USSEN_08_D</attalias><attrtype Sync="TRUE">Double</attrtype><attwidth Sync="TRUE">12</attwidth><atprecis Sync="TRUE">12</atprecis><attscale Sync="TRUE">0</attscale></attr><attr><attrlabl Sync="TRUE">USSEN_08_R</attrlabl><attalias Sync="TRUE">USSEN_08_R</attalias><attrtype Sync="TRUE">Double</attrtype><attwidth Sync="TRUE">12</attwidth><atprecis Sync="TRUE">12</atprecis><attscale Sync="TRUE">0</attscale></attr><attr><attrlabl Sync="TRUE">USSEN_08_O</attrlabl><attalias Sync="TRUE">USSEN_08_O</attalias><attrtype Sync="TRUE">Double</attrtype><attwidth Sync="TRUE">12</attwidth><atprecis Sync="TRUE">12</atprecis><attscale Sync="TRUE">0</attscale></attr><attr><attrlabl Sync="TRUE">USSEN_08_T</attrlabl><attalias Sync="TRUE">USSEN_08_T</attalias><attrtype Sync="TRUE">Double</attrtype><attwidth Sync="TRUE">12</attwidth><atprecis Sync="TRUE">12</atprecis><attscale Sync="TRUE">0</attscale></attr><attr><attrlabl Sync="TRUE">USHSE_08_D</attrlabl><attalias Sync="TRUE">USHSE_08_D</attalias><attrtype Sync="TRUE">Double</attrtype><attwidth Sync="TRUE">12</attwidth><atprecis Sync="TRUE">12</atprecis><attscale Sync="TRUE">0</attscale></attr><attr><attrlabl Sync="TRUE">USHSE_08_R</attrlabl><attalias Sync="TRUE">USHSE_08_R</attalias><attrtype Sync="TRUE">Double</attrtype><attwidth Sync="TRUE">12</attwidth><atprecis Sync="TRUE">12</atprecis><attscale Sync="TRUE">0</attscale></attr><attr><attrlabl Sync="TRUE">USHSE_08_O</attrlabl><attalias Sync="TRUE">USHSE_08_O</attalias><attrtype Sync="TRUE">Double</attrtype><attwidth Sync="TRUE">12</attwidth><atprecis Sync="TRUE">12</atprecis><attscale Sync="TRUE">0</attscale></attr><attr><attrlabl Sync="TRUE">USHSE_08_T</attrlabl><attalias Sync="TRUE">USHSE_08_T</attalias><attrtype Sync="TRUE">Double</attrtype><attwidth Sync="TRUE">12</attwidth><atprecis Sync="TRUE">12</atprecis><attscale Sync="TRUE">0</attscale></attr><attr><attrlabl Sync="TRUE">KSSEN_08_D</attrlabl><attalias Sync="TRUE">KSSEN_08_D</attalias><attrtype Sync="TRUE">Double</attrtype><attwidth Sync="TRUE">12</attwidth><atprecis Sync="TRUE">12</atprecis><attscale Sync="TRUE">0</attscale></attr><attr><attrlabl Sync="TRUE">KSSEN_08_R</attrlabl><attalias Sync="TRUE">KSSEN_08_R</attalias><attrtype Sync="TRUE">Double</attrtype><attwidth Sync="TRUE">12</attwidth><atprecis Sync="TRUE">12</atprecis><attscale Sync="TRUE">0</attscale></attr><attr><attrlabl Sync="TRUE">KSSEN_08_O</attrlabl><attalias Sync="TRUE">KSSEN_08_O</attalias><attrtype Sync="TRUE">Double</attrtype><attwidth Sync="TRUE">12</attwidth><atprecis Sync="TRUE">12</atprecis><attscale Sync="TRUE">0</attscale></attr><attr><attrlabl Sync="TRUE">KSSEN_08_T</attrlabl><attalias Sync="TRUE">KSSEN_08_T</attalias><attrtype Sync="TRUE">Double</attrtype><attwidth Sync="TRUE">12</attwidth><atprecis Sync="TRUE">12</atprecis><attscale Sync="TRUE">0</attscale></attr><attr><attrlabl Sync="TRUE">KSHSE_08_D</attrlabl><attalias Sync="TRUE">KSHSE_08_D</attalias><attrtype Sync="TRUE">Double</attrtype><attwidth Sync="TRUE">12</attwidth><atprecis Sync="TRUE">12</atprecis><attscale Sync="TRUE">0</attscale></attr><attr><attrlabl Sync="TRUE">KSHSE_08_R</attrlabl><attalias Sync="TRUE">KSHSE_08_R</attalias><attrtype Sync="TRUE">Double</attrtype><attwidth Sync="TRUE">12</attwidth><atprecis Sync="TRUE">12</atprecis><attscale Sync="TRUE">0</attscale></attr><attr><attrlabl Sync="TRUE">KSHSE_08_O</attrlabl><attalias Sync="TRUE">KSHSE_08_O</attalias><attrtype Sync="TRUE">Double</attrtype><attwidth Sync="TRUE">12</attwidth><atprecis Sync="TRUE">12</atprecis><attscale Sync="TRUE">0</attscale></attr><attr><attrlabl Sync="TRUE">KSHSE_08_T</attrlabl><attalias Sync="TRUE">KSHSE_08_T</attalias><attrtype Sync="TRUE">Double</attrtype><attwidth Sync="TRUE">12</attwidth><atprecis Sync="TRUE">12</atprecis><attscale Sync="TRUE">0</attscale></attr><attr><attrlabl Sync="TRUE">VR_10_DEM</attrlabl><attalias Sync="TRUE">VR_10_DEM</attalias><attrtype Sync="TRUE">Double</attrtype><attwidth Sync="TRUE">12</attwidth><atprecis Sync="TRUE">12</atprecis><attscale Sync="TRUE">0</attscale></attr><attr><attrlabl Sync="TRUE">VR_10_LIB</attrlabl><attalias Sync="TRUE">VR_10_LIB</attalias><attrtype Sync="TRUE">Double</attrtype><attwidth Sync="TRUE">12</attwidth><atprecis Sync="TRUE">12</atprecis><attscale Sync="TRUE">0</attscale></attr><attr><attrlabl Sync="TRUE">VR_10_REF</attrlabl><attalias Sync="TRUE">VR_10_REF</attalias><attrtype Sync="TRUE">Double</attrtype><attwidth Sync="TRUE">12</attwidth><atprecis Sync="TRUE">12</atprecis><attscale Sync="TRUE">0</attscale></attr><attr><attrlabl Sync="TRUE">VR_10_REP</attrlabl><attalias Sync="TRUE">VR_10_REP</attalias><attrtype Sync="TRUE">Double</attrtype><attwidth Sync="TRUE">12</attwidth><atprecis Sync="TRUE">12</atprecis><attscale Sync="TRUE">0</attscale></attr><attr><attrlabl Sync="TRUE">VR_10_UNAF</attrlabl><attalias Sync="TRUE">VR_10_UNAF</attalias><attrtype Sync="TRUE">Double</attrtype><attwidth Sync="TRUE">12</attwidth><atprecis Sync="TRUE">12</atprecis><attscale Sync="TRUE">0</attscale></attr><attr><attrlabl Sync="TRUE">VR_10_TOT</attrlabl><attalias Sync="TRUE">VR_10_TOT</attalias><attrtype Sync="TRUE">Double</attrtype><attwidth Sync="TRUE">12</attwidth><atprecis Sync="TRUE">12</atprecis><attscale Sync="TRUE">0</attscale></attr><attr><attrlabl Sync="TRUE">AG_10_DEM</attrlabl><attalias Sync="TRUE">AG_10_DEM</attalias><attrtype Sync="TRUE">Double</attrtype><attwidth Sync="TRUE">12</attwidth><atprecis Sync="TRUE">12</atprecis><attscale Sync="TRUE">0</attscale></attr><attr><attrlabl Sync="TRUE">AG_10_LIB</attrlabl><attalias Sync="TRUE">AG_10_LIB</attalias><attrtype Sync="TRUE">Double</attrtype><attwidth Sync="TRUE">12</attwidth><atprecis Sync="TRUE">12</atprecis><attscale Sync="TRUE">0</attscale></attr><attr><attrlabl Sync="TRUE">AG_10_REP</attrlabl><attalias Sync="TRUE">AG_10_REP</attalias><attrtype Sync="TRUE">Double</attrtype><attwidth Sync="TRUE">12</attwidth><atprecis Sync="TRUE">12</atprecis><attscale Sync="TRUE">0</attscale></attr><attr><attrlabl Sync="TRUE">AG_10_TOT</attrlabl><attalias Sync="TRUE">AG_10_TOT</attalias><attrtype Sync="TRUE">Double</attrtype><attwidth Sync="TRUE">12</attwidth><atprecis Sync="TRUE">12</atprecis><attscale Sync="TRUE">0</attscale></attr><attr><attrlabl Sync="TRUE">COI_10_REP</attrlabl><attalias Sync="TRUE">COI_10_REP</attalias><attrtype Sync="TRUE">Double</attrtype><attwidth Sync="TRUE">12</attwidth><atprecis Sync="TRUE">12</atprecis><attscale Sync="TRUE">0</attscale></attr><attr><attrlabl Sync="TRUE">COI_10_WRI</attrlabl><attalias Sync="TRUE">COI_10_WRI</attalias><attrtype Sync="TRUE">Double</attrtype><attwidth Sync="TRUE">12</attwidth><atprecis Sync="TRUE">12</atprecis><attscale Sync="TRUE">0</attscale></attr><attr><attrlabl Sync="TRUE">COI_10_TOT</attrlabl><attalias Sync="TRUE">COI_10_TOT</attalias><attrtype Sync="TRUE">Double</attrtype><attwidth Sync="TRUE">12</attwidth><atprecis Sync="TRUE">12</atprecis><attscale Sync="TRUE">0</attscale></attr><attr><attrlabl Sync="TRUE">GOV_10_DEM</attrlabl><attalias Sync="TRUE">GOV_10_DEM</attalias><attrtype Sync="TRUE">Double</attrtype><attwidth Sync="TRUE">12</attwidth><atprecis Sync="TRUE">12</atprecis><attscale Sync="TRUE">0</attscale></attr><attr><attrlabl Sync="TRUE">GOV_10_LIB</attrlabl><attalias Sync="TRUE">GOV_10_LIB</attalias><attrtype Sync="TRUE">Double</attrtype><attwidth Sync="TRUE">12</attwidth><atprecis Sync="TRUE">12</atprecis><attscale Sync="TRUE">0</attscale></attr><attr><attrlabl Sync="TRUE">GOV_10_REF</attrlabl><attalias Sync="TRUE">GOV_10_REF</attalias><attrtype Sync="TRUE">Double</attrtype><attwidth Sync="TRUE">12</attwidth><atprecis Sync="TRUE">12</atprecis><attscale Sync="TRUE">0</attscale></attr><attr><attrlabl Sync="TRUE">GOV_10_REP</attrlabl><attalias Sync="TRUE">GOV_10_REP</attalias><attrtype Sync="TRUE">Double</attrtype><attwidth Sync="TRUE">12</attwidth><atprecis Sync="TRUE">12</atprecis><attscale Sync="TRUE">0</attscale></attr><attr><attrlabl Sync="TRUE">GOV_10_WRI</attrlabl><attalias Sync="TRUE">GOV_10_WRI</attalias><attrtype Sync="TRUE">Double</attrtype><attwidth Sync="TRUE">12</attwidth><atprecis Sync="TRUE">12</atprecis><attscale Sync="TRUE">0</attscale></attr><attr><attrlabl Sync="TRUE">GOV_10_TOT</attrlabl><attalias Sync="TRUE">GOV_10_TOT</attalias><attrtype Sync="TRUE">Double</attrtype><attwidth Sync="TRUE">12</attwidth><atprecis Sync="TRUE">12</atprecis><attscale Sync="TRUE">0</attscale></attr><attr><attrlabl Sync="TRUE">SOS_10_DEM</attrlabl><attalias Sync="TRUE">SOS_10_DEM</attalias><attrtype Sync="TRUE">Double</attrtype><attwidth Sync="TRUE">12</attwidth><atprecis Sync="TRUE">12</atprecis><attscale Sync="TRUE">0</attscale></attr><attr><attrlabl Sync="TRUE">SOS_10_LIB</attrlabl><attalias Sync="TRUE">SOS_10_LIB</attalias><attrtype Sync="TRUE">Double</attrtype><attwidth Sync="TRUE">12</attwidth><atprecis Sync="TRUE">12</atprecis><attscale Sync="TRUE">0</attscale></attr><attr><attrlabl Sync="TRUE">SOS_10_REF</attrlabl><attalias Sync="TRUE">SOS_10_REF</attalias><attrtype Sync="TRUE">Double</attrtype><attwidth Sync="TRUE">12</attwidth><atprecis Sync="TRUE">12</atprecis><attscale Sync="TRUE">0</attscale></attr><attr><attrlabl Sync="TRUE">SOS_10_REP</attrlabl><attalias Sync="TRUE">SOS_10_REP</attalias><attrtype Sync="TRUE">Double</attrtype><attwidth Sync="TRUE">12</attwidth><atprecis Sync="TRUE">12</atprecis><attscale Sync="TRUE">0</attscale></attr><attr><attrlabl Sync="TRUE">SOS_10_TOT</attrlabl><attalias Sync="TRUE">SOS_10_TOT</attalias><attrtype Sync="TRUE">Double</attrtype><attwidth Sync="TRUE">12</attwidth><atprecis Sync="TRUE">12</atprecis><attscale Sync="TRUE">0</attscale></attr><attr><attrlabl Sync="TRUE">ST_10_DEM</attrlabl><attalias Sync="TRUE">ST_10_DEM</attalias><attrtype Sync="TRUE">Double</attrtype><attwidth Sync="TRUE">12</attwidth><atprecis Sync="TRUE">12</atprecis><attscale Sync="TRUE">0</attscale></attr><attr><attrlabl Sync="TRUE">ST_10_REP</attrlabl><attalias Sync="TRUE">ST_10_REP</attalias><attrtype Sync="TRUE">Double</attrtype><attwidth Sync="TRUE">12</attwidth><atprecis Sync="TRUE">12</atprecis><attscale Sync="TRUE">0</attscale></attr><attr><attrlabl Sync="TRUE">ST_10_TOTA</attrlabl><attalias Sync="TRUE">ST_10_TOTA</attalias><attrtype Sync="TRUE">Double</attrtype><attwidth Sync="TRUE">12</attwidth><atprecis Sync="TRUE">12</atprecis><attscale Sync="TRUE">0</attscale></attr><attr><attrlabl Sync="TRUE">US_HSE_10_</attrlabl><attalias Sync="TRUE">US_HSE_10_</attalias><attrtype Sync="TRUE">Double</attrtype><attwidth Sync="TRUE">12</attwidth><atprecis Sync="TRUE">12</atprecis><attscale Sync="TRUE">0</attscale></attr><attr><attrlabl Sync="TRUE">US_HSE_101</attrlabl><attalias Sync="TRUE">US_HSE_101</attalias><attrtype Sync="TRUE">Double</attrtype><attwidth Sync="TRUE">12</attwidth><atprecis Sync="TRUE">12</atprecis><attscale Sync="TRUE">0</attscale></attr><attr><attrlabl Sync="TRUE">US_HSE_102</attrlabl><attalias Sync="TRUE">US_HSE_102</attalias><attrtype Sync="TRUE">Double</attrtype><attwidth Sync="TRUE">12</attwidth><atprecis Sync="TRUE">12</atprecis><attscale Sync="TRUE">0</attscale></attr><attr><attrlabl Sync="TRUE">US_HSE_103</attrlabl><attalias Sync="TRUE">US_HSE_103</attalias><attrtype Sync="TRUE">Double</attrtype><attwidth Sync="TRUE">12</attwidth><atprecis Sync="TRUE">12</atprecis><attscale Sync="TRUE">0</attscale></attr><attr><attrlabl Sync="TRUE">US_HSE_104</attrlabl><attalias Sync="TRUE">US_HSE_104</attalias><attrtype Sync="TRUE">Double</attrtype><attwidth Sync="TRUE">12</attwidth><atprecis Sync="TRUE">12</atprecis><attscale Sync="TRUE">0</attscale></attr><attr><attrlabl Sync="TRUE">US_SEN_10_</attrlabl><attalias Sync="TRUE">US_SEN_10_</attalias><attrtype Sync="TRUE">Double</attrtype><attwidth Sync="TRUE">12</attwidth><atprecis Sync="TRUE">12</atprecis><attscale Sync="TRUE">0</attscale></attr><attr><attrlabl Sync="TRUE">US_SEN_101</attrlabl><attalias Sync="TRUE">US_SEN_101</attalias><attrtype Sync="TRUE">Double</attrtype><attwidth Sync="TRUE">12</attwidth><atprecis Sync="TRUE">12</atprecis><attscale Sync="TRUE">0</attscale></attr><attr><attrlabl Sync="TRUE">US_SEN_102</attrlabl><attalias Sync="TRUE">US_SEN_102</attalias><attrtype Sync="TRUE">Double</attrtype><attwidth Sync="TRUE">12</attwidth><atprecis Sync="TRUE">12</atprecis><attscale Sync="TRUE">0</attscale></attr><attr><attrlabl Sync="TRUE">US_SEN_103</attrlabl><attalias Sync="TRUE">US_SEN_103</attalias><attrtype Sync="TRUE">Double</attrtype><attwidth Sync="TRUE">12</attwidth><atprecis Sync="TRUE">12</atprecis><attscale Sync="TRUE">0</attscale></attr><attr><attrlabl Sync="TRUE">US_SEN_104</attrlabl><attalias Sync="TRUE">US_SEN_104</attalias><attrtype Sync="TRUE">Double</attrtype><attwidth Sync="TRUE">12</attwidth><atprecis Sync="TRUE">12</atprecis><attscale Sync="TRUE">0</attscale></attr><attr><attrlabl Sync="TRUE">KS_HSE_10_</attrlabl><attalias Sync="TRUE">KS_HSE_10_</attalias><attrtype Sync="TRUE">Double</attrtype><attwidth Sync="TRUE">12</attwidth><atprecis Sync="TRUE">12</atprecis><attscale Sync="TRUE">0</attscale></attr><attr><attrlabl Sync="TRUE">KS_HSE_101</attrlabl><attalias Sync="TRUE">KS_HSE_101</attalias><attrtype Sync="TRUE">Double</attrtype><attwidth Sync="TRUE">12</attwidth><atprecis Sync="TRUE">12</atprecis><attscale Sync="TRUE">0</attscale></attr><attr><attrlabl Sync="TRUE">KS_HSE_102</attrlabl><attalias Sync="TRUE">KS_HSE_102</attalias><attrtype Sync="TRUE">Double</attrtype><attwidth Sync="TRUE">12</attwidth><atprecis Sync="TRUE">12</atprecis><attscale Sync="TRUE">0</attscale></attr><attr><attrlabl Sync="TRUE">KS_HSE_103</attrlabl><attalias Sync="TRUE">KS_HSE_103</attalias><attrtype Sync="TRUE">Double</attrtype><attwidth Sync="TRUE">12</attwidth><atprecis Sync="TRUE">12</atprecis><attscale Sync="TRUE">0</attscale></attr><attr><attrlabl Sync="TRUE">KS_HSE_104</attrlabl><attalias Sync="TRUE">KS_HSE_104</attalias><attrtype Sync="TRUE">Double</attrtype><attwidth Sync="TRUE">12</attwidth><atprecis Sync="TRUE">12</atprecis><attscale Sync="TRUE">0</attscale></attr><attr><attrlabl Sync="TRUE">KS_HSE_105</attrlabl><attalias Sync="TRUE">KS_HSE_105</attalias><attrtype Sync="TRUE">Double</attrtype><attwidth Sync="TRUE">12</attwidth><atprecis Sync="TRUE">12</atprecis><attscale Sync="TRUE">0</attscale></attr><attr><attrlabl Sync="TRUE">KS_SE_10_D</attrlabl><attalias Sync="TRUE">KS_SE_10_D</attalias><attrtype Sync="TRUE">Double</attrtype><attwidth Sync="TRUE">12</attwidth><atprecis Sync="TRUE">12</atprecis><attscale Sync="TRUE">0</attscale></attr><attr><attrlabl Sync="TRUE">KS_SEN_10_</attrlabl><attalias Sync="TRUE">KS_SEN_10_</attalias><attrtype Sync="TRUE">Double</attrtype><attwidth Sync="TRUE">12</attwidth><atprecis Sync="TRUE">12</atprecis><attscale Sync="TRUE">0</attscale></attr><attr><attrlabl Sync="TRUE">KS_SEN_101</attrlabl><attalias Sync="TRUE">KS_SEN_101</attalias><attrtype Sync="TRUE">Double</attrtype><attwidth Sync="TRUE">12</attwidth><atprecis Sync="TRUE">12</atprecis><attscale Sync="TRUE">0</attscale></attr><attr><attrlabl Sync="TRUE">DEVIATION</attrlabl><attalias Sync="TRUE">DEVIATION</attalias><attrtype Sync="TRUE">Double</attrtype><attwidth Sync="TRUE">12</attwidth><atprecis Sync="TRUE">11</atprecis><attscale Sync="TRUE">4</attscale></attr><attr><attrlabl Sync="TRUE">F_DEVIATIO</attrlabl><attalias Sync="TRUE">F_DEVIATIO</attalias><attrtype Sync="TRUE">Double</attrtype><attwidth Sync="TRUE">12</attwidth><atprecis Sync="TRUE">11</atprecis><attscale Sync="TRUE">4</attscale></attr><attr><attrlabl Sync="TRUE">F_WHITE</attrlabl><attalias Sync="TRUE">F_WHITE</attalias><attrtype Sync="TRUE">Double</attrtype><attwidth Sync="TRUE">12</attwidth><atprecis Sync="TRUE">11</atprecis><attscale Sync="TRUE">4</attscale></attr><attr><attrlabl Sync="TRUE">F_BLACK</attrlabl><attalias Sync="TRUE">F_BLACK</attalias><attrtype Sync="TRUE">Double</attrtype><attwidth Sync="TRUE">12</attwidth><atprecis Sync="TRUE">11</atprecis><attscale Sync="TRUE">4</attscale></attr><attr><attrlabl Sync="TRUE">F_AMINDIAN</attrlabl><attalias Sync="TRUE">F_AMINDIAN</attalias><attrtype Sync="TRUE">Double</attrtype><attwidth Sync="TRUE">12</attwidth><atprecis Sync="TRUE">11</atprecis><attscale Sync="TRUE">4</attscale></attr><attr><attrlabl Sync="TRUE">F_ASIAN</attrlabl><attalias Sync="TRUE">F_ASIAN</attalias><attrtype Sync="TRUE">Double</attrtype><attwidth Sync="TRUE">12</attwidth><atprecis Sync="TRUE">11</atprecis><attscale Sync="TRUE">4</attscale></attr><attr><attrlabl Sync="TRUE">F_HAWAIIAN</attrlabl><attalias Sync="TRUE">F_HAWAIIAN</attalias><attrtype Sync="TRUE">Double</attrtype><attwidth Sync="TRUE">12</attwidth><atprecis Sync="TRUE">11</atprecis><attscale Sync="TRUE">4</attscale></attr><attr><attrlabl Sync="TRUE">F_OTHER</attrlabl><attalias Sync="TRUE">F_OTHER</attalias><attrtype Sync="TRUE">Double</attrtype><attwidth Sync="TRUE">12</attwidth><atprecis Sync="TRUE">11</atprecis><attscale Sync="TRUE">4</attscale></attr><attr><attrlabl Sync="TRUE">F_2_RACES</attrlabl><attalias Sync="TRUE">F_2_RACES</attalias><attrtype Sync="TRUE">Double</attrtype><attwidth Sync="TRUE">12</attwidth><atprecis Sync="TRUE">11</atprecis><attscale Sync="TRUE">4</attscale></attr><attr><attrlabl Sync="TRUE">F_HISPANIC</attrlabl><attalias Sync="TRUE">F_HISPANIC</attalias><attrtype Sync="TRUE">Double</attrtype><attwidth Sync="TRUE">12</attwidth><atprecis Sync="TRUE">11</atprecis><attscale Sync="TRUE">4</attscale></attr><attr><attrlabl Sync="TRUE">F_NOT_HISP</attrlabl><attalias Sync="TRUE">F_NOT_HISP</attalias><attrtype Sync="TRUE">Double</attrtype><attwidth Sync="TRUE">12</attwidth><atprecis Sync="TRUE">11</atprecis><attscale Sync="TRUE">4</attscale></attr><attr><attrlabl Sync="TRUE">F_NH_WHT</attrlabl><attalias Sync="TRUE">F_NH_WHT</attalias><attrtype Sync="TRUE">Double</attrtype><attwidth Sync="TRUE">12</attwidth><atprecis Sync="TRUE">11</atprecis><attscale Sync="TRUE">4</attscale></attr><attr><attrlabl Sync="TRUE">F_NH_BLK</attrlabl><attalias Sync="TRUE">F_NH_BLK</attalias><attrtype Sync="TRUE">Double</attrtype><attwidth Sync="TRUE">12</attwidth><atprecis Sync="TRUE">11</atprecis><attscale Sync="TRUE">4</attscale></attr><attr><attrlabl Sync="TRUE">F_NH_IND</attrlabl><attalias Sync="TRUE">F_NH_IND</attalias><attrtype Sync="TRUE">Double</attrtype><attwidth Sync="TRUE">12</attwidth><atprecis Sync="TRUE">11</atprecis><attscale Sync="TRUE">4</attscale></attr><attr><attrlabl Sync="TRUE">F_NH_ASN</attrlabl><attalias Sync="TRUE">F_NH_ASN</attalias><attrtype Sync="TRUE">Double</attrtype><attwidth Sync="TRUE">12</attwidth><atprecis Sync="TRUE">11</atprecis><attscale Sync="TRUE">4</attscale></attr><attr><attrlabl Sync="TRUE">F_NH_HWN</attrlabl><attalias Sync="TRUE">F_NH_HWN</attalias><attrtype Sync="TRUE">Double</attrtype><attwidth Sync="TRUE">12</attwidth><atprecis Sync="TRUE">11</atprecis><attscale Sync="TRUE">4</attscale></attr><attr><attrlabl Sync="TRUE">F_NH_OTH</attrlabl><attalias Sync="TRUE">F_NH_OTH</attalias><attrtype Sync="TRUE">Double</attrtype><attwidth Sync="TRUE">12</attwidth><atprecis Sync="TRUE">11</atprecis><attscale Sync="TRUE">4</attscale></attr><attr><attrlabl Sync="TRUE">F_NH_2_RAC</attrlabl><attalias Sync="TRUE">F_NH_2_RAC</attalias><attrtype Sync="TRUE">Double</attrtype><attwidth Sync="TRUE">12</attwidth><atprecis Sync="TRUE">11</atprecis><attscale Sync="TRUE">4</attscale></attr><attr><attrlabl Sync="TRUE">F_NH_DOJ_B</attrlabl><attalias Sync="TRUE">F_NH_DOJ_B</attalias><attrtype Sync="TRUE">Double</attrtype><attwidth Sync="TRUE">12</attwidth><atprecis Sync="TRUE">11</atprecis><attscale Sync="TRUE">4</attscale></attr><attr><attrlabl Sync="TRUE">F_NH_DOJ_I</attrlabl><attalias Sync="TRUE">F_NH_DOJ_I</attalias><attrtype Sync="TRUE">Double</attrtype><attwidth Sync="TRUE">12</attwidth><atprecis Sync="TRUE">11</atprecis><attscale Sync="TRUE">4</attscale></attr><attr><attrlabl Sync="TRUE">F_NH_DOJ_A</attrlabl><attalias Sync="TRUE">F_NH_DOJ_A</attalias><attrtype Sync="TRUE">Double</attrtype><attwidth Sync="TRUE">12</attwidth><atprecis Sync="TRUE">11</atprecis><attscale Sync="TRUE">4</attscale></attr><attr><attrlabl Sync="TRUE">F_NH_DOJ_H</attrlabl><attalias Sync="TRUE">F_NH_DOJ_H</attalias><attrtype Sync="TRUE">Double</attrtype><attwidth Sync="TRUE">12</attwidth><atprecis Sync="TRUE">11</atprecis><attscale Sync="TRUE">4</attscale></attr><attr><attrlabl Sync="TRUE">F_NH_DOJ_O</attrlabl><attalias Sync="TRUE">F_NH_DOJ_O</attalias><attrtype Sync="TRUE">Double</attrtype><attwidth Sync="TRUE">12</attwidth><atprecis Sync="TRUE">11</atprecis><attscale Sync="TRUE">4</attscale></attr><attr><attrlabl Sync="TRUE">F_NH_DOJ_1</attrlabl><attalias Sync="TRUE">F_NH_DOJ_1</attalias><attrtype Sync="TRUE">Double</attrtype><attwidth Sync="TRUE">12</attwidth><atprecis Sync="TRUE">11</atprecis><attscale Sync="TRUE">4</attscale></attr><attr><attrlabl Sync="TRUE">F_18_POP</attrlabl><attalias Sync="TRUE">F_18_POP</attalias><attrtype Sync="TRUE">Double</attrtype><attwidth Sync="TRUE">12</attwidth><atprecis Sync="TRUE">11</atprecis><attscale Sync="TRUE">4</attscale></attr><attr><attrlabl Sync="TRUE">F_18_WHT</attrlabl><attalias Sync="TRUE">F_18_WHT</attalias><attrtype Sync="TRUE">Double</attrtype><attwidth Sync="TRUE">12</attwidth><atprecis Sync="TRUE">11</atprecis><attscale Sync="TRUE">4</attscale></attr><attr><attrlabl Sync="TRUE">F_18_BLK</attrlabl><attalias Sync="TRUE">F_18_BLK</attalias><attrtype Sync="TRUE">Double</attrtype><attwidth Sync="TRUE">12</attwidth><atprecis Sync="TRUE">11</atprecis><attscale Sync="TRUE">4</attscale></attr><attr><attrlabl Sync="TRUE">F_18_IND</attrlabl><attalias Sync="TRUE">F_18_IND</attalias><attrtype Sync="TRUE">Double</attrtype><attwidth Sync="TRUE">12</attwidth><atprecis Sync="TRUE">11</atprecis><attscale Sync="TRUE">4</attscale></attr><attr><attrlabl Sync="TRUE">F_18_ASN</attrlabl><attalias Sync="TRUE">F_18_ASN</attalias><attrtype Sync="TRUE">Double</attrtype><attwidth Sync="TRUE">12</attwidth><atprecis Sync="TRUE">11</atprecis><attscale Sync="TRUE">4</attscale></attr><attr><attrlabl Sync="TRUE">F_18_HWN</attrlabl><attalias Sync="TRUE">F_18_HWN</attalias><attrtype Sync="TRUE">Double</attrtype><attwidth Sync="TRUE">12</attwidth><atprecis Sync="TRUE">11</atprecis><attscale Sync="TRUE">4</attscale></attr><attr><attrlabl Sync="TRUE">F_18_OTH</attrlabl><attalias Sync="TRUE">F_18_OTH</attalias><attrtype Sync="TRUE">Double</attrtype><attwidth Sync="TRUE">12</attwidth><atprecis Sync="TRUE">11</atprecis><attscale Sync="TRUE">4</attscale></attr><attr><attrlabl Sync="TRUE">F_18_2_RAC</attrlabl><attalias Sync="TRUE">F_18_2_RAC</attalias><attrtype Sync="TRUE">Double</attrtype><attwidth Sync="TRUE">12</attwidth><atprecis Sync="TRUE">11</atprecis><attscale Sync="TRUE">4</attscale></attr><attr><attrlabl Sync="TRUE">F_H18_POP</attrlabl><attalias Sync="TRUE">F_H18_POP</attalias><attrtype Sync="TRUE">Double</attrtype><attwidth Sync="TRUE">12</attwidth><atprecis Sync="TRUE">11</atprecis><attscale Sync="TRUE">4</attscale></attr><attr><attrlabl Sync="TRUE">F_NH18_POP</attrlabl><attalias Sync="TRUE">F_NH18_POP</attalias><attrtype Sync="TRUE">Double</attrtype><attwidth Sync="TRUE">12</attwidth><atprecis Sync="TRUE">11</atprecis><attscale Sync="TRUE">4</attscale></attr><attr><attrlabl Sync="TRUE">F_NH18_WHT</attrlabl><attalias Sync="TRUE">F_NH18_WHT</attalias><attrtype Sync="TRUE">Double</attrtype><attwidth Sync="TRUE">12</attwidth><atprecis Sync="TRUE">11</atprecis><attscale Sync="TRUE">4</attscale></attr><attr><attrlabl Sync="TRUE">F_NH18_BLK</attrlabl><attalias Sync="TRUE">F_NH18_BLK</attalias><attrtype Sync="TRUE">Double</attrtype><attwidth Sync="TRUE">12</attwidth><atprecis Sync="TRUE">11</atprecis><attscale Sync="TRUE">4</attscale></attr><attr><attrlabl Sync="TRUE">F_NH18_IND</attrlabl><attalias Sync="TRUE">F_NH18_IND</attalias><attrtype Sync="TRUE">Double</attrtype><attwidth Sync="TRUE">12</attwidth><atprecis Sync="TRUE">11</atprecis><attscale Sync="TRUE">4</attscale></attr><attr><attrlabl Sync="TRUE">F_NH18_ASN</attrlabl><attalias Sync="TRUE">F_NH18_ASN</attalias><attrtype Sync="TRUE">Double</attrtype><attwidth Sync="TRUE">12</attwidth><atprecis Sync="TRUE">11</atprecis><attscale Sync="TRUE">4</attscale></attr><attr><attrlabl Sync="TRUE">F_NH18_HWN</attrlabl><attalias Sync="TRUE">F_NH18_HWN</attalias><attrtype Sync="TRUE">Double</attrtype><attwidth Sync="TRUE">12</attwidth><atprecis Sync="TRUE">11</atprecis><attscale Sync="TRUE">4</attscale></attr><attr><attrlabl Sync="TRUE">F_NH18_OTH</attrlabl><attalias Sync="TRUE">F_NH18_OTH</attalias><attrtype Sync="TRUE">Double</attrtype><attwidth Sync="TRUE">12</attwidth><atprecis Sync="TRUE">11</atprecis><attscale Sync="TRUE">4</attscale></attr><attr><attrlabl Sync="TRUE">F_NH18_2_R</attrlabl><attalias Sync="TRUE">F_NH18_2_R</attalias><attrtype Sync="TRUE">Double</attrtype><attwidth Sync="TRUE">12</attwidth><atprecis Sync="TRUE">11</atprecis><attscale Sync="TRUE">4</attscale></attr><attr><attrlabl Sync="TRUE">F_NH18_DOJ</attrlabl><attalias Sync="TRUE">F_NH18_DOJ</attalias><attrtype Sync="TRUE">Double</attrtype><attwidth Sync="TRUE">12</attwidth><atprecis Sync="TRUE">11</atprecis><attscale Sync="TRUE">4</attscale></attr><attr><attrlabl Sync="TRUE">F_NH18_DO1</attrlabl><attalias Sync="TRUE">F_NH18_DO1</attalias><attrtype Sync="TRUE">Double</attrtype><attwidth Sync="TRUE">12</attwidth><atprecis Sync="TRUE">11</atprecis><attscale Sync="TRUE">4</attscale></attr><attr><attrlabl Sync="TRUE">F_NH18_DO2</attrlabl><attalias Sync="TRUE">F_NH18_DO2</attalias><attrtype Sync="TRUE">Double</attrtype><attwidth Sync="TRUE">12</attwidth><atprecis Sync="TRUE">11</atprecis><attscale Sync="TRUE">4</attscale></attr><attr><attrlabl Sync="TRUE">F_NH18_DO3</attrlabl><attalias Sync="TRUE">F_NH18_DO3</attalias><attrtype Sync="TRUE">Double</attrtype><attwidth Sync="TRUE">12</attwidth><atprecis Sync="TRUE">11</atprecis><attscale Sync="TRUE">4</attscale></attr><attr><attrlabl Sync="TRUE">F_NH18_DO4</attrlabl><attalias Sync="TRUE">F_NH18_DO4</attalias><attrtype Sync="TRUE">Double</attrtype><attwidth Sync="TRUE">12</attwidth><atprecis Sync="TRUE">11</atprecis><attscale Sync="TRUE">4</attscale></attr><attr><attrlabl Sync="TRUE">F_NH18_DO5</attrlabl><attalias Sync="TRUE">F_NH18_DO5</attalias><attrtype Sync="TRUE">Double</attrtype><attwidth Sync="TRUE">12</attwidth><atprecis Sync="TRUE">11</atprecis><attscale Sync="TRUE">4</attscale></attr><attr><attrlabl Sync="TRUE">F_HOUSING_</attrlabl><attalias Sync="TRUE">F_HOUSING_</attalias><attrtype Sync="TRUE">Double</attrtype><attwidth Sync="TRUE">12</attwidth><atprecis Sync="TRUE">11</atprecis><attscale Sync="TRUE">4</attscale></attr><attr><attrlabl Sync="TRUE">F_HU_OCCUP</attrlabl><attalias Sync="TRUE">F_HU_OCCUP</attalias><attrtype Sync="TRUE">Double</attrtype><attwidth Sync="TRUE">12</attwidth><atprecis Sync="TRUE">11</atprecis><attscale Sync="TRUE">4</attscale></attr><attr><attrlabl Sync="TRUE">F_HU_VACAN</attrlabl><attalias Sync="TRUE">F_HU_VACAN</attalias><attrtype Sync="TRUE">Double</attrtype><attwidth Sync="TRUE">12</attwidth><atprecis Sync="TRUE">11</atprecis><attscale Sync="TRUE">4</attscale></attr><attr><attrlabl Sync="TRUE">F_IN_GROUP</attrlabl><attalias Sync="TRUE">F_IN_GROUP</attalias><attrtype Sync="TRUE">Double</attrtype><attwidth Sync="TRUE">12</attwidth><atprecis Sync="TRUE">11</atprecis><attscale Sync="TRUE">4</attscale></attr><attr><attrlabl Sync="TRUE">F_INGRP_IN</attrlabl><attalias Sync="TRUE">F_INGRP_IN</attalias><attrtype Sync="TRUE">Double</attrtype><attwidth Sync="TRUE">12</attwidth><atprecis Sync="TRUE">11</atprecis><attscale Sync="TRUE">4</attscale></attr><attr><attrlabl Sync="TRUE">F_INGRP_CO</attrlabl><attalias Sync="TRUE">F_INGRP_CO</attalias><attrtype Sync="TRUE">Double</attrtype><attwidth Sync="TRUE">12</attwidth><atprecis Sync="TRUE">11</atprecis><attscale Sync="TRUE">4</attscale></attr><attr><attrlabl Sync="TRUE">F_INGRP_JU</attrlabl><attalias Sync="TRUE">F_INGRP_JU</attalias><attrtype Sync="TRUE">Double</attrtype><attwidth Sync="TRUE">12</attwidth><atprecis Sync="TRUE">11</atprecis><attscale Sync="TRUE">4</attscale></attr><attr><attrlabl Sync="TRUE">F_INGRP_NU</attrlabl><attalias Sync="TRUE">F_INGRP_NU</attalias><attrtype Sync="TRUE">Double</attrtype><attwidth Sync="TRUE">12</attwidth><atprecis Sync="TRUE">11</atprecis><attscale Sync="TRUE">4</attscale></attr><attr><attrlabl Sync="TRUE">F_INGRP_OT</attrlabl><attalias Sync="TRUE">F_INGRP_OT</attalias><attrtype Sync="TRUE">Double</attrtype><attwidth Sync="TRUE">12</attwidth><atprecis Sync="TRUE">11</atprecis><attscale Sync="TRUE">4</attscale></attr><attr><attrlabl Sync="TRUE">F_INGRP_NO</attrlabl><attalias Sync="TRUE">F_INGRP_NO</attalias><attrtype Sync="TRUE">Double</attrtype><attwidth Sync="TRUE">12</attwidth><atprecis Sync="TRUE">11</atprecis><attscale Sync="TRUE">4</attscale></attr><attr><attrlabl Sync="TRUE">F_INGRP_C1</attrlabl><attalias Sync="TRUE">F_INGRP_C1</attalias><attrtype Sync="TRUE">Double</attrtype><attwidth Sync="TRUE">12</attwidth><atprecis Sync="TRUE">11</atprecis><attscale Sync="TRUE">4</attscale></attr><attr><attrlabl Sync="TRUE">F_INGRP_MI</attrlabl><attalias Sync="TRUE">F_INGRP_MI</attalias><attrtype Sync="TRUE">Double</attrtype><attwidth Sync="TRUE">12</attwidth><atprecis Sync="TRUE">11</atprecis><attscale Sync="TRUE">4</attscale></attr><attr><attrlabl Sync="TRUE">F_INGRP_O1</attrlabl><attalias Sync="TRUE">F_INGRP_O1</attalias><attrtype Sync="TRUE">Double</attrtype><attwidth Sync="TRUE">12</attwidth><atprecis Sync="TRUE">11</atprecis><attscale Sync="TRUE">4</attscale></attr><attr><attrlabl Sync="TRUE">F_ADJ_POPU</attrlabl><attalias Sync="TRUE">F_ADJ_POPU</attalias><attrtype Sync="TRUE">Double</attrtype><attwidth Sync="TRUE">12</attwidth><atprecis Sync="TRUE">11</atprecis><attscale Sync="TRUE">4</attscale></attr><attr><attrlabl Sync="TRUE">F_ADJ_WHIT</attrlabl><attalias Sync="TRUE">F_ADJ_WHIT</attalias><attrtype Sync="TRUE">Double</attrtype><attwidth Sync="TRUE">12</attwidth><atprecis Sync="TRUE">11</atprecis><attscale Sync="TRUE">4</attscale></attr><attr><attrlabl Sync="TRUE">F_ADJ_BLAC</attrlabl><attalias Sync="TRUE">F_ADJ_BLAC</attalias><attrtype Sync="TRUE">Double</attrtype><attwidth Sync="TRUE">12</attwidth><atprecis Sync="TRUE">11</atprecis><attscale Sync="TRUE">4</attscale></attr><attr><attrlabl Sync="TRUE">F_ADJ_AMIN</attrlabl><attalias Sync="TRUE">F_ADJ_AMIN</attalias><attrtype Sync="TRUE">Double</attrtype><attwidth Sync="TRUE">12</attwidth><atprecis Sync="TRUE">11</atprecis><attscale Sync="TRUE">4</attscale></attr><attr><attrlabl Sync="TRUE">F_ADJ_ASIA</attrlabl><attalias Sync="TRUE">F_ADJ_ASIA</attalias><attrtype Sync="TRUE">Double</attrtype><attwidth Sync="TRUE">12</attwidth><atprecis Sync="TRUE">11</atprecis><attscale Sync="TRUE">4</attscale></attr><attr><attrlabl Sync="TRUE">F_ADJ_HAWA</attrlabl><attalias Sync="TRUE">F_ADJ_HAWA</attalias><attrtype Sync="TRUE">Double</attrtype><attwidth Sync="TRUE">12</attwidth><atprecis Sync="TRUE">11</atprecis><attscale Sync="TRUE">4</attscale></attr><attr><attrlabl Sync="TRUE">F_ADJ_OTHE</attrlabl><attalias Sync="TRUE">F_ADJ_OTHE</attalias><attrtype Sync="TRUE">Double</attrtype><attwidth Sync="TRUE">12</attwidth><atprecis Sync="TRUE">11</atprecis><attscale Sync="TRUE">4</attscale></attr><attr><attrlabl Sync="TRUE">F_ADJ_2_RA</attrlabl><attalias Sync="TRUE">F_ADJ_2_RA</attalias><attrtype Sync="TRUE">Double</attrtype><attwidth Sync="TRUE">12</attwidth><atprecis Sync="TRUE">11</atprecis><attscale Sync="TRUE">4</attscale></attr><attr><attrlabl Sync="TRUE">F_ADJ_HISP</attrlabl><attalias Sync="TRUE">F_ADJ_HISP</attalias><attrtype Sync="TRUE">Double</attrtype><attwidth Sync="TRUE">12</attwidth><atprecis Sync="TRUE">11</atprecis><attscale Sync="TRUE">4</attscale></attr><attr><attrlabl Sync="TRUE">F_ADJ_NOT_</attrlabl><attalias Sync="TRUE">F_ADJ_NOT_</attalias><attrtype Sync="TRUE">Double</attrtype><attwidth Sync="TRUE">12</attwidth><atprecis Sync="TRUE">11</atprecis><attscale Sync="TRUE">4</attscale></attr><attr><attrlabl Sync="TRUE">F_ADJ_NH_W</attrlabl><attalias Sync="TRUE">F_ADJ_NH_W</attalias><attrtype Sync="TRUE">Double</attrtype><attwidth Sync="TRUE">12</attwidth><atprecis Sync="TRUE">11</atprecis><attscale Sync="TRUE">4</attscale></attr><attr><attrlabl Sync="TRUE">F_ADJ_NH_B</attrlabl><attalias Sync="TRUE">F_ADJ_NH_B</attalias><attrtype Sync="TRUE">Double</attrtype><attwidth Sync="TRUE">12</attwidth><atprecis Sync="TRUE">11</atprecis><attscale Sync="TRUE">4</attscale></attr></detailed></eainfo><mdDateSt Sync="TRUE">20131010</mdDateSt></metadata>
