<?xml version="1.0" encoding="UTF-8"?>
<metadata xml:lang="en"><Esri><CreaDate>20110429</CreaDate><CreaTime>17120800</CreaTime><ArcGISFormat>1.0</ArcGISFormat><SyncOnce>TRUE</SyncOnce><DataProperties><lineage><Process ToolSource="C:\Program Files\ArcGIS\Desktop10.0\ArcToolbox\Toolboxes\Data Management Tools.tbx\CalculateField" Date="20110429" Time="161125">CalculateField 2010Precinct_Meters_2 UnadjPop "[X0CENPOP] " VB #</Process><Process ToolSource="C:\Program Files\ArcGIS\Desktop10.0\ArcToolbox\Toolboxes\Data Management Tools.tbx\Project" Date="20110429" Time="164142">Project 2010Precinct_Meters_3 P:\Precinct2010\ForWebSiteShpFile2010\2010Precinct_Meters_4.shp PROJCS['NAD_1983_StatePlane_Maryland_FIPS_1900',GEOGCS['GCS_North_American_1983',DATUM['D_North_American_1983',SPHEROID['GRS_1980',6378137.0,298.257222101]],PRIMEM['Greenwich',0.0],UNIT['Degree',0.0174532925199433]],PROJECTION['Lambert_Conformal_Conic'],PARAMETER['False_Easting',400000.0],PARAMETER['False_Northing',0.0],PARAMETER['Central_Meridian',-77.0],PARAMETER['Standard_Parallel_1',38.3],PARAMETER['Standard_Parallel_2',39.45],PARAMETER['Latitude_Of_Origin',37.66666666666666],UNIT['Meter',1.0]] # GEOGCS['GCS_GRS_1980',DATUM['D_GRS_1980',SPHEROID['GRS_1980',6378137.0,298.2572221]],PRIMEM['Greenwich',0.0],UNIT['Degree',0.0174532925199433]]</Process><Process ToolSource="C:\Program Files\ArcGIS\Desktop10.0\ArcToolbox\Toolboxes\Data Management Tools.tbx\JoinField" Date="20110429" Time="172120">JoinField Precinct2010_83NadMeters NAME P:\Precinct2010\ForWebSiteShpFile2010\2010PREC.DBF NAME CNG02;COUNTY;LEG02;VTD;MCD;STATE;VTD_1;PLACE;UNADJPOP;ADJ_POPULA;ADJ_WHITE;ADJ_BLACK;ADJ_AMINDI;ADJ_ASIAN;ADJ_HAWAII;ADJ_OTHER;ADJ_18__PO;ADJ2_RACES;UNADJHISP;ADJ_18__WH;ADJ_18__BL;ADJ_18__IN;ADJ_18__AS;ADJ_18__HW;ADJ_18__OT;HU_OCCUPIE;HOUSING_UN</Process></lineage></DataProperties></Esri></metadata>
