<?xml version="1.0" encoding="UTF-8"?>
<metadata xmlns:xsi="http://www.w3.org/2001/XMLSchema-instance"
          xsi:noNamespaceSchemaLocation="http://www.fgdc.gov/metadata/fgdc-std-001-1998.xsd">
   <idinfo>
      <citation>
         <citeinfo>
            <origin>Research &amp; Polling, Inc.</origin>
            <pubdate>20120906</pubdate>
            <title>New Mexico Voting Precincts 2012</title>
            <geoform>vector digital data</geoform>
            <onlink>http://rgis.unm.edu/</onlink>
            <onlink>http://gstore.unm.edu/apps/rgis/datasets/61e46c10-d4f7-460d-9178-7e0c915f653c/services/ogc/wms?SERVICE=wms&amp;REQUEST=GetCapabilities&amp;VERSION=1.1.1</onlink>
            <onlink>http://gstore.unm.edu/apps/rgis/datasets/61e46c10-d4f7-460d-9178-7e0c915f653c/services/ogc/wfs?SERVICE=wfs&amp;REQUEST=GetCapabilities&amp;VERSION=1.0.0</onlink>
            <onlink>http://gstore.unm.edu/apps/rgis/datasets/61e46c10-d4f7-460d-9178-7e0c915f653c/precincts_2011_Project.derived.shp</onlink>
            <onlink>http://gstore.unm.edu/apps/rgis/datasets/61e46c10-d4f7-460d-9178-7e0c915f653c/precincts_2011_Project.original.zip</onlink>
            <onlink>http://gstore.unm.edu/apps/rgis/datasets/61e46c10-d4f7-460d-9178-7e0c915f653c/precincts_2011_Project.derived.gml</onlink>
            <onlink>http://gstore.unm.edu/apps/rgis/datasets/61e46c10-d4f7-460d-9178-7e0c915f653c/precincts_2011_Project.derived.kml</onlink>
            <onlink>http://gstore.unm.edu/apps/rgis/datasets/61e46c10-d4f7-460d-9178-7e0c915f653c/precincts_2011_Project.derived.geojson</onlink>
            <onlink>http://gstore.unm.edu/apps/rgis/datasets/61e46c10-d4f7-460d-9178-7e0c915f653c/precincts_2011_Project.derived.json</onlink>
            <onlink>http://gstore.unm.edu/apps/rgis/datasets/61e46c10-d4f7-460d-9178-7e0c915f653c/precincts_2011_Project.derived.csv</onlink>
            <onlink>http://gstore.unm.edu/apps/rgis/datasets/61e46c10-d4f7-460d-9178-7e0c915f653c/precincts_2011_Project.derived.xls</onlink>
            <onlink>http://gstore.unm.edu/apps/rgis/datasets/61e46c10-d4f7-460d-9178-7e0c915f653c/metadata/FGDC-STD-001-1998.xml</onlink>
            <onlink>http://gstore.unm.edu/apps/rgis/datasets/61e46c10-d4f7-460d-9178-7e0c915f653c/metadata/FGDC-STD-001-1998.html</onlink>
            <onlink>http://gstore.unm.edu/apps/rgis/datasets/61e46c10-d4f7-460d-9178-7e0c915f653c/metadata/ISO-19119:WFS.xml</onlink>
            <onlink>http://gstore.unm.edu/apps/rgis/datasets/61e46c10-d4f7-460d-9178-7e0c915f653c/metadata/ISO-19110.xml</onlink>
            <onlink>http://gstore.unm.edu/apps/rgis/datasets/61e46c10-d4f7-460d-9178-7e0c915f653c/metadata/ISO-19115:2003.xml</onlink>
            <onlink>http://gstore.unm.edu/apps/rgis/datasets/61e46c10-d4f7-460d-9178-7e0c915f653c/metadata/ISO-19115:2003.html</onlink>
            <onlink>http://gstore.unm.edu/apps/rgis/datasets/61e46c10-d4f7-460d-9178-7e0c915f653c/metadata/ISO-19119:WMS.xml</onlink>
         </citeinfo>
      </citation>
      <descript>
         <abstract>Boundaries for the New Mexico State Voting Precincts for the 2012 through 2020
				election cycles.</abstract>
         <purpose>This dataset was created to digitally represent the districts to be used for
				the 2012 through 2020 election cycles. The data are intended for use as a general
				reference to the extent and boundaries of the New Mexico Precincts.</purpose>
         <supplinf>The New Mexico State Voting Precincts and Districts are those as ordered by
				the New Mexico First Judicial District Court on January 25, 2012.</supplinf>
      </descript>
      <timeperd>
         <timeinfo>
            <rngdates>
               <begdate>2012</begdate>
               <enddate>2020</enddate>
            </rngdates>
         </timeinfo>
         <current>Ground Condition</current>
      </timeperd>
      <status>
         <progress>Complete</progress>
         <update>Unknown</update>
      </status>
      <spdom>
         <bounding>
            <westbc>-109.330223</westbc>
            <eastbc>-103.077697</eastbc>
            <northbc>36.929018</northbc>
            <southbc>31.359132</southbc>
         </bounding>
      </spdom>
      <keywords>
         <theme>
            <themekt>ISO 19115 Topic Categories</themekt>
            <themekey>boundaries</themekey>
         </theme>
         <theme>
            <themekt>Unknown</themekt>
            <themekey>Voting Precincts</themekey>
            <themekey>Legislature</themekey>
         </theme>
         <place>
            <placekt>Spatial Reference System Identifiers</placekt>
            <placekey>EPSG:4326</placekey>
            <placekey>EPSG:4326</placekey>
            <placekey>EPSG:32613</placekey>
         </place>
         <place>
            <placekt>GNIS</placekt>
            <placekey>New Mexico</placekey>
         </place>
      </keywords>
      <accconst>None</accconst>
      <useconst>Resource Geographic Information System (RGIS) Program assumes no liability for
			misuse of the data. Data should be used at the scale for which they were intended. No
			warranty, expressed, or implied, is made by Earth Data Analysis Center (EDAC) regarding
			the utility of the data on any other system, nor shall the act of distribution
			constitute such warranty.</useconst>
      <ptcontac>
         <cntinfo>
            <cntperp>
               <cntper>Michael Sharp</cntper>
               <cntorg>Research &amp; Polling, Inc.</cntorg>
            </cntperp>
            <cntpos>Vice President</cntpos>
            <cntaddr>
               <addrtype>mailing address</addrtype>
               <address>5140 San Francisco Rd NE</address>
               <city>Albuqueque</city>
               <state>NM</state>
               <postal>87109</postal>
            </cntaddr>
            <cntvoice>505-821-5454</cntvoice>
            <cntemail>msharp@rpinc.com</cntemail>
         </cntinfo>
      </ptcontac>
      <native>Microsoft Windows XP Version 5.1 (Build 2600) Service Pack 3; ESRI ArcCatalog
			9.3.1.3000</native>
   </idinfo>
   <dataqual>
      <logic>Not provided</logic>
      <complete>Not provided</complete>
      <lineage>
         <procstep>
            <procdesc>Census VTDs are aggregated into districts.</procdesc>
            <procdate>20110125</procdate>
            <proccont>
               <cntinfo>
                  <cntorgp>
                     <cntorg>Research &amp; Polling Inc.</cntorg>
                  </cntorgp>
                  <cntaddr>
                     <addrtype>mailing address</addrtype>
                     <address>5140 San Francisco Rd NE</address>
                     <city>Albuquerque</city>
                     <state>NM</state>
                     <postal>87109</postal>
                  </cntaddr>
                  <cntvoice>505-821-5454</cntvoice>
                  <cntfax>505-821-5474</cntfax>
               </cntinfo>
            </proccont>
         </procstep>
         <procstep>
            <procdesc>Original precents were spatial joined with New Mexico senate and house
					districts and US Congressional districts to add district numbers to attribute
					fields of precincts.</procdesc>
            <procdate>20120701</procdate>
            <proccont>
               <cntinfo>
                  <cntorgp>
                     <cntorg>Earth Data Analysis Center</cntorg>
                  </cntorgp>
                  <cntpos>Clearinghouse Manager</cntpos>
                  <cntaddr>
                     <addrtype>mailing address</addrtype>
                     <address>MSC01 1110</address>
                     <address>1 University of New Mexico</address>
                     <city>Albuquerque</city>
                     <state>NM</state>
                     <postal>87131-0001</postal>
                     <country>USA</country>
                  </cntaddr>
                  <cntvoice>505-277-3622 ext. 230</cntvoice>
                  <cntfax>505-277-3614</cntfax>
                  <cntemail>clearinghouse@edac.unm.edu</cntemail>
                  <hours>8am to 5pm MT, M-F</hours>
               </cntinfo>
            </proccont>
         </procstep>
         <procstep>
            <procdesc>Shapefile downloaded from New Mexico Legislature Redistring Webpage, data
					originally created by Research and Polling, Inc.</procdesc>
            <procdate>Unknown</procdate>
            <proccont>
               <cntinfo>
                  <cntorgp>
                     <cntorg>Earth Data Analysis Center</cntorg>
                  </cntorgp>
                  <cntpos>Clearinghouse Manager</cntpos>
                  <cntaddr>
                     <addrtype>mailing address</addrtype>
                     <address>MSC01 1110</address>
                     <address>1 University of New Mexico</address>
                     <city>Albuquerque</city>
                     <state>NM</state>
                     <postal>87131-0001</postal>
                     <country>USA</country>
                  </cntaddr>
                  <cntvoice>505-277-3622 ext. 230</cntvoice>
                  <cntfax>505-277-3614</cntfax>
                  <cntemail>clearinghouse@edac.unm.edu</cntemail>
                  <hours>8am to 5pm MT, M-F</hours>
               </cntinfo>
            </proccont>
         </procstep>
      </lineage>
   </dataqual>
   <spdoinfo>
      <indspref>New Mexico (35)</indspref>
      <direct>Vector</direct>
      <ptvctinf>
         <sdtsterm>
            <sdtstype>G-polygon</sdtstype>
            <ptvctcnt>1483</ptvctcnt>
         </sdtsterm>
      </ptvctinf>
   </spdoinfo>
   <spref>
      <horizsys>
         <planar>
            <gridsys>
                <gridsysn>Universal Transverse Mercator</gridsysn>
                <utm>
                    <utmzone>13</utmzone>
                    <transmer>
                        <sfctrmer>0.999600</sfctrmer>
                        <longcm>-105.000000</longcm>
                        <latprjo>0.000000</latprjo>
                        <feast>500000.000000</feast>
                        <fnorth>0.000000</fnorth>
                    </transmer>
                </utm>
            </gridsys>
            <planci>
               <plance>row and column</plance>
               <coordrep>
                  <absres>1</absres>
                  <ordres>1</ordres>
               </coordrep>
               <plandu>meters</plandu>
            </planci>
         </planar>
         <geodetic>
                <horizdn>D_WGS_1984</horizdn>
                <ellips>WGS_1984</ellips>
                <semiaxis>6378137.000000</semiaxis>
                <denflat>298.257224</denflat>
            </geodetic>
      </horizsys>
   </spref>
   <eainfo>
      <detailed>
         <enttyp>
            <enttypl>precincts_2011_Project</enttypl>
            <enttypd>Shapefile Attribute Table</enttypd>
            <enttypds>Research and Polling, Inc.</enttypds>
         </enttyp>
         <attr>
            <attrlabl>FID</attrlabl>
            <attrdef>Internal feature number.</attrdef>
            <attrdefs>ESRI</attrdefs>
            <attrdomv>
               <udom>Sequential unique whole numbers that are automatically generated.</udom>
            </attrdomv>
         </attr>
         <attr>
            <attrlabl>Shape</attrlabl>
            <attrdef>Feature geometry.</attrdef>
            <attrdefs>ESRI</attrdefs>
            <attrdomv>
               <udom>Coordinates defining the features.</udom>
            </attrdomv>
         </attr>
         <attr>
            <attrlabl>NAME10</attrlabl>
            <attrdef>Voting Precinct name and number</attrdef>
            <attrdefs>Research and Polling, Inc.</attrdefs>
            <attrdomv>
               <udom>Precinct name and number</udom>
            </attrdomv>
         </attr>
         <attr>
            <attrlabl>prec_num</attrlabl>
            <attrdef>Voting precinct number</attrdef>
            <attrdefs>Research and Polling, Inc.</attrdefs>
            <attrdomv>
               <udom>Precinct name and number</udom>
            </attrdomv>
         </attr>
         <attr>
            <attrlabl>house_dist</attrlabl>
            <attrdef>House district number</attrdef>
            <attrdefs>Research and Polling, Inc.</attrdefs>
            <attrdomv>
               <udom>House district number</udom>
            </attrdomv>
         </attr>
         <attr>
            <attrlabl>senate_dis</attrlabl>
            <attrdef>Senate District Number</attrdef>
            <attrdefs>Research and Polling, Inc.</attrdefs>
            <attrdomv>
               <udom>Senate District Number</udom>
            </attrdomv>
         </attr>
         <attr>
            <attrlabl>uscong_dis</attrlabl>
            <attrdef>US Congressional district number</attrdef>
            <attrdefs>Research and Polling, Inc.</attrdefs>
            <attrdomv>
               <udom>US Congressional district number</udom>
            </attrdomv>
         </attr>
      </detailed>
   </eainfo>
   <distinfo>
      <distrib>
         <cntinfo>
            <cntorgp>
               <cntorg>Earth Data Analysis Center</cntorg>
            </cntorgp>
            <cntpos>Clearinghouse Manager</cntpos>
            <cntaddr>
               <addrtype>mailing and physical address</addrtype>
               <address>MSC01 1110</address>
               <address>1 University of New Mexico</address>
               <city>Albuquerque</city>
               <state>NM</state>
               <postal>87131-0001</postal>
               <country>USA</country>
            </cntaddr>
            <cntvoice>505-277-3622 ext. 230</cntvoice>
            <cntfax>505-277-3614</cntfax>
            <cntemail>clearinghouse@edac.unm.edu</cntemail>
            <hours>0800 - 1700 MT, M-F -7 hours GMT</hours>
         </cntinfo>
      </distrib>
      <resdesc>Downloadable Data</resdesc>
      <distliab>The material on this site is made available as a public service. Maps and data are to be used for reference purposes only and the Earth Data Analysis Center (EDAC), Resource Geographic Information System (RGIS) and The University of New Mexico are not responsible for any inaccuracies herein contained. No responsibility is assumed for damages or other liabilities due to the accuracy, availability, use or misuse of the information herein provided. Unless otherwise indicated in the documentation (metadata) for individual data sets, information on this site is public domain and may be copied without permission; citation of the source is appreciated.</distliab>
      <stdorder>
         <digform>
            <digtinfo>
               <formname>ZIP</formname>
               <transize>13</transize>
            </digtinfo>
            <digtopt>
               <onlinopt>
                  <computer>
                     <networka>
                        <networkr>http://gstore.unm.edu/apps/rgis/datasets/61e46c10-d4f7-460d-9178-7e0c915f653c/precincts_2011_Project.original.zip</networkr>
                     </networka>
                  </computer>
                  <accinstr>Download from Resource Geographic Information System (RGIS) at http://rgis.unm.edu.</accinstr>
               </onlinopt>
            </digtopt>
         </digform>
         <fees>None. The files are available to download from Resource Geographic Information System (RGIS) (http://rgis.unm.edu).</fees>
         <ordering>Contact Earth Data Analysis Center at clearinghouse@edac.unm.edu</ordering>
      </stdorder>
      <stdorder>
         <digform>
            <digtinfo>
               <formname>ESRI Shapefile (shp)</formname>
               <transize>5</transize>
            </digtinfo>
            <digtopt>
               <onlinopt>
                  <computer>
                     <networka>
                        <networkr>http://gstore.unm.edu/apps/rgis/datasets/61e46c10-d4f7-460d-9178-7e0c915f653c/precincts_2011_Project.derived.shp</networkr>
                     </networka>
                  </computer>
                  <accinstr>Download from Resource Geographic Information System (RGIS) at http://rgis.unm.edu.</accinstr>
               </onlinopt>
            </digtopt>
         </digform>
         <fees>None. The files are available to download from Resource Geographic Information System (RGIS) (http://rgis.unm.edu).</fees>
         <ordering>Contact Earth Data Analysis Center at clearinghouse@edac.unm.edu</ordering>
      </stdorder>
      <stdorder>
         <digform>
            <digtinfo>
               <formname>GML</formname>
               <transize>5</transize>
            </digtinfo>
            <digtopt>
               <onlinopt>
                  <computer>
                     <networka>
                        <networkr>http://gstore.unm.edu/apps/rgis/datasets/61e46c10-d4f7-460d-9178-7e0c915f653c/precincts_2011_Project.derived.gml</networkr>
                     </networka>
                  </computer>
                  <accinstr>Download from Resource Geographic Information System (RGIS) at http://rgis.unm.edu.</accinstr>
               </onlinopt>
            </digtopt>
         </digform>
         <fees>None. The files are available to download from Resource Geographic Information System (RGIS) (http://rgis.unm.edu).</fees>
         <ordering>Contact Earth Data Analysis Center at clearinghouse@edac.unm.edu</ordering>
      </stdorder>
      <stdorder>
         <digform>
            <digtinfo>
               <formname>KML</formname>
               <transize>5</transize>
            </digtinfo>
            <digtopt>
               <onlinopt>
                  <computer>
                     <networka>
                        <networkr>http://gstore.unm.edu/apps/rgis/datasets/61e46c10-d4f7-460d-9178-7e0c915f653c/precincts_2011_Project.derived.kml</networkr>
                     </networka>
                  </computer>
                  <accinstr>Download from Resource Geographic Information System (RGIS) at http://rgis.unm.edu.</accinstr>
               </onlinopt>
            </digtopt>
         </digform>
         <fees>None. The files are available to download from Resource Geographic Information System (RGIS) (http://rgis.unm.edu).</fees>
         <ordering>Contact Earth Data Analysis Center at clearinghouse@edac.unm.edu</ordering>
      </stdorder>
      <stdorder>
         <digform>
            <digtinfo>
               <formname>GeoJSON</formname>
               <transize>5</transize>
            </digtinfo>
            <digtopt>
               <onlinopt>
                  <computer>
                     <networka>
                        <networkr>http://gstore.unm.edu/apps/rgis/datasets/61e46c10-d4f7-460d-9178-7e0c915f653c/precincts_2011_Project.derived.geojson</networkr>
                     </networka>
                  </computer>
                  <accinstr>Download from Resource Geographic Information System (RGIS) at http://rgis.unm.edu.</accinstr>
               </onlinopt>
            </digtopt>
         </digform>
         <fees>None. The files are available to download from Resource Geographic Information System (RGIS) (http://rgis.unm.edu).</fees>
         <ordering>Contact Earth Data Analysis Center at clearinghouse@edac.unm.edu</ordering>
      </stdorder>
      <stdorder>
         <digform>
            <digtinfo>
               <formname>JSON</formname>
               <transize>5</transize>
            </digtinfo>
            <digtopt>
               <onlinopt>
                  <computer>
                     <networka>
                        <networkr>http://gstore.unm.edu/apps/rgis/datasets/61e46c10-d4f7-460d-9178-7e0c915f653c/precincts_2011_Project.derived.json</networkr>
                     </networka>
                  </computer>
                  <accinstr>Download from Resource Geographic Information System (RGIS) at http://rgis.unm.edu.</accinstr>
               </onlinopt>
            </digtopt>
         </digform>
         <fees>None. The files are available to download from Resource Geographic Information System (RGIS) (http://rgis.unm.edu).</fees>
         <ordering>Contact Earth Data Analysis Center at clearinghouse@edac.unm.edu</ordering>
      </stdorder>
      <stdorder>
         <digform>
            <digtinfo>
               <formname>Comma Separated Values (csv)</formname>
               <transize>5</transize>
            </digtinfo>
            <digtopt>
               <onlinopt>
                  <computer>
                     <networka>
                        <networkr>http://gstore.unm.edu/apps/rgis/datasets/61e46c10-d4f7-460d-9178-7e0c915f653c/precincts_2011_Project.derived.csv</networkr>
                     </networka>
                  </computer>
                  <accinstr>Download from Resource Geographic Information System (RGIS) at http://rgis.unm.edu.</accinstr>
               </onlinopt>
            </digtopt>
         </digform>
         <fees>None. The files are available to download from Resource Geographic Information System (RGIS) (http://rgis.unm.edu).</fees>
         <ordering>Contact Earth Data Analysis Center at clearinghouse@edac.unm.edu</ordering>
      </stdorder>
      <stdorder>
         <digform>
            <digtinfo>
               <formname>MS Excel format (xls)</formname>
               <transize>5</transize>
            </digtinfo>
            <digtopt>
               <onlinopt>
                  <computer>
                     <networka>
                        <networkr>http://gstore.unm.edu/apps/rgis/datasets/61e46c10-d4f7-460d-9178-7e0c915f653c/precincts_2011_Project.derived.xls</networkr>
                     </networka>
                  </computer>
                  <accinstr>Download from Resource Geographic Information System (RGIS) at http://rgis.unm.edu.</accinstr>
               </onlinopt>
            </digtopt>
         </digform>
         <fees>None. The files are available to download from Resource Geographic Information System (RGIS) (http://rgis.unm.edu).</fees>
         <ordering>Contact Earth Data Analysis Center at clearinghouse@edac.unm.edu</ordering>
      </stdorder>
      <custom>Contact Earth Data Analysis Center at clearinghouse@edac.unm.edu</custom>
      <techpreq>Adequate computer capability is the only technical prerequisite for viewing data in digital form.</techpreq>
   </distinfo>
   <metainfo>
      <metd>20131216</metd>
      <metc>
         <cntinfo>
            <cntorgp>
               <cntorg>Earth Data Analysis Center</cntorg>
            </cntorgp>
            <cntpos>Clearinghouse Manager</cntpos>
            <cntaddr>
               <addrtype>mailing and physical address</addrtype>
               <address>MSC01 1110</address>
               <address>1 University of New Mexico</address>
               <city>Albuquerque</city>
               <state>NM</state>
               <postal>87131-0001</postal>
               <country>USA</country>
            </cntaddr>
            <cntvoice>505-277-3622 ext. 230</cntvoice>
            <cntfax>505-277-3614</cntfax>
            <cntemail>clearinghouse@edac.unm.edu</cntemail>
            <hours>0800 - 1700 MT, M-F -7 hours GMT</hours>
         </cntinfo>
      </metc>
      <metstdn>FGDC Content Standards for Digital Geospatial Metadata</metstdn>
      <metstdv>FGDC-STD-001-1998</metstdv>
      <mettc>local time</mettc>
   </metainfo>
</metadata>