<metadata xml:lang="en"><Esri><CreaDate>20131018</CreaDate><CreaTime>17025600</CreaTime><ArcGISFormat>1.0</ArcGISFormat><ArcGISstyle>FGDC CSDGM Metadata</ArcGISstyle><SyncOnce>FALSE</SyncOnce><DataProperties><itemProps><itemName Sync="TRUE">vtd2013general</itemName><imsContentType Sync="TRUE">002</imsContentType><itemLocation><linkage Sync="TRUE">file://\\ELECT57\D\GIS\Data\MN_Boundaries\Districts\2013_Districts\vtd2013general.shp</linkage><protocol Sync="TRUE">Local Area Network</protocol></itemLocation><nativeExtBox><westBL Sync="TRUE">189783.511900</westBL><eastBL Sync="TRUE">761653.524000</eastBL><southBL Sync="TRUE">4816309.329300</southBL><northBL Sync="TRUE">5472346.499200</northBL><exTypeCode Sync="TRUE">1</exTypeCode></nativeExtBox><itemSize Sync="TRUE">10.038</itemSize></itemProps><coordRef><type Sync="TRUE">Projected</type><geogcsn Sync="TRUE">GCS_North_American_1983</geogcsn><csUnits Sync="TRUE">Linear Unit: Meter (1.000000)</csUnits><projcsn Sync="TRUE">NAD_1983_UTM_Zone_15N</projcsn><peXml Sync="TRUE">&lt;ProjectedCoordinateSystem xsi:type='typens:ProjectedCoordinateSystem' xmlns:xsi='http://www.w3.org/2001/XMLSchema-instance' xmlns:xs='http://www.w3.org/2001/XMLSchema' xmlns:typens='http://www.esri.com/schemas/ArcGIS/10.0'&gt;&lt;WKT&gt;PROJCS[&amp;quot;NAD_1983_UTM_Zone_15N&amp;quot;,GEOGCS[&amp;quot;GCS_North_American_1983&amp;quot;,DATUM[&amp;quot;D_North_American_1983&amp;quot;,SPHEROID[&amp;quot;GRS_1980&amp;quot;,6378137.0,298.257222101]],PRIMEM[&amp;quot;Greenwich&amp;quot;,0.0],UNIT[&amp;quot;Degree&amp;quot;,0.0174532925199433]],PROJECTION[&amp;quot;Transverse_Mercator&amp;quot;],PARAMETER[&amp;quot;False_Easting&amp;quot;,500000.0],PARAMETER[&amp;quot;False_Northing&amp;quot;,0.0],PARAMETER[&amp;quot;Central_Meridian&amp;quot;,-93.0],PARAMETER[&amp;quot;Scale_Factor&amp;quot;,0.9996],PARAMETER[&amp;quot;Latitude_Of_Origin&amp;quot;,0.0],UNIT[&amp;quot;Meter&amp;quot;,1.0],AUTHORITY[&amp;quot;EPSG&amp;quot;,26915]]&lt;/WKT&gt;&lt;XOrigin&gt;-5120900&lt;/XOrigin&gt;&lt;YOrigin&gt;-9998100&lt;/YOrigin&gt;&lt;XYScale&gt;450445547.3910538&lt;/XYScale&gt;&lt;ZOrigin&gt;-100000&lt;/ZOrigin&gt;&lt;ZScale&gt;10000&lt;/ZScale&gt;&lt;MOrigin&gt;-100000&lt;/MOrigin&gt;&lt;MScale&gt;10000&lt;/MScale&gt;&lt;XYTolerance&gt;0.001&lt;/XYTolerance&gt;&lt;ZTolerance&gt;0.001&lt;/ZTolerance&gt;&lt;MTolerance&gt;0.001&lt;/MTolerance&gt;&lt;HighPrecision&gt;true&lt;/HighPrecision&gt;&lt;WKID&gt;26915&lt;/WKID&gt;&lt;/ProjectedCoordinateSystem&gt;</peXml></coordRef><lineage/></DataProperties><SyncDate>20131028</SyncDate><SyncTime>13562300</SyncTime><ModDate>20131028</ModDate><ModTime>13562300</ModTime><ArcGISProfile>FGDC</ArcGISProfile></Esri><mdLang><languageCode value="eng"/><countryCode value="USA" Sync="TRUE"/></mdLang><mdChar><CharSetCd value="004"/></mdChar><mdHrLv><ScopeCd value="005"/></mdHrLv><mdContact xmlns=""><rpIndName>Brad Neuhauser</rpIndName><rpOrgName>Office of the Minnesota Secretary of State, Elections Division</rpOrgName><rpPosName>GIS Specialist</rpPosName><rpCntInfo xmlns=""><cntPhone><voiceNum tddtty="">651-556-0648</voiceNum><faxNum>651-296-9073</faxNum></cntPhone><cntAddress addressType="both"><delPoint>100 Rev. Dr. Martin Luther King, Jr. Blvd.</delPoint><delPoint>Room 180, State Office Building</delPoint><city>Saint Paul</city><adminArea>MN</adminArea><postCode>55155</postCode><country>US</country><eMailAdd>brad.neuhauser@state.mn.us</eMailAdd></cntAddress></rpCntInfo><role><RoleCd value="007"/></role></mdContact><mdStanName>ArcGIS Metadata</mdStanName><mdStanVer>1.0</mdStanVer><dataIdInfo><idCitation xmlns=""><resTitle Sync="FALSE">Minnesota VTD 2013 General Election</resTitle><presForm xmlns=""><PresFormCd value="005"/></presForm><presForm xmlns=""><fgdcGeoform>vector digital data</fgdcGeoform></presForm></idCitation><idAbs>&lt;DIV STYLE="text-align:Left;"&gt;&lt;DIV&gt;&lt;DIV&gt;&lt;P&gt;&lt;SPAN&gt;Voting precincts for the State of Minnesota, those to be used in the 2013 State General election. Includes election district attributes for each precinct.&lt;/SPAN&gt;&lt;/P&gt;&lt;/DIV&gt;&lt;/DIV&gt;&lt;/DIV&gt;</idAbs><idPurp>Geographic database of voting precincts for the State of Minnesota</idPurp><idCredit>Office of the Minnesota Secretary of State, Elections Division</idCredit><idPoC xmlns=""><rpIndName>Brad Neuhauser</rpIndName><rpOrgName>Office of the Minnesota Secretary of State, Elections Division</rpOrgName><rpPosName>GIS Specialist</rpPosName><rpCntInfo xmlns=""><cntPhone><voiceNum tddtty="">651-556-0648</voiceNum><faxNum>651-296-9073</faxNum></cntPhone><cntAddress addressType="both"><delPoint>Room 180, State Office Building</delPoint><delPoint>100 Rev. Dr. Martin Luther King Jr. Blvd.</delPoint><city>Saint Paul</city><adminArea>MN</adminArea><postCode>55155</postCode><country>US</country><eMailAdd>brad.neuhauser@state.mn.us</eMailAdd></cntAddress></rpCntInfo><role><RoleCd value="007"/></role></idPoC><resMaint><maintFreq><MaintFreqCd value="010"/></maintFreq></resMaint><placeKeys xmlns=""><keyword>Minnesota, MN, USA</keyword></placeKeys><tempKeys xmlns=""><keyword>2013, General Election</keyword></tempKeys><themeKeys xmlns=""><thesaName><resTitle>ISO 19115 Topic Categories</resTitle></thesaName><keyword>boundaries, elections, voting district, voting precinct, precinct, election district, VTD</keyword></themeKeys><searchKeys><keyword>voting district</keyword><keyword>voting precinct</keyword><keyword>precinct</keyword><keyword>election district</keyword><keyword>VTD</keyword><keyword>Minnesota</keyword><keyword>MN</keyword><keyword>USA</keyword><keyword>2013</keyword><keyword>boundaries</keyword></searchKeys><resConst xmlns=""><Consts xmlns=""><useLimit>Office of the Minnesota Secretary of State maintains this data as accurately as possible, but cannot assure 100% accuracy. For definitive precinct lines, please contact the jurisdiction (city, township, or county for unorganized territory) in question. To find polling places, use the Secretary of State's Polling Place Finder: http://pollfinder.sos.state.mn.us. Precinct boundaries are derived from MnGeo's CTU shapefile dated 6/19/2012. Includes election district boundary adjustments made under MS 2.91, subd. 2 and MS 204B.146, subd. 3. Boundary adjustments are up to date though October 8, 2013, with the exception of the annexation of Iron Range Township by the City of Taconite in Itasca County, a large annexation from Bemidji Township by the City of Bemidji in Beltrami County, and a small cross-county annexation by the City of Byron into Mantorville Township in Dodge County.</useLimit></Consts></resConst><spatRpType><SpatRepTypCd value="001"/></spatRpType><dataLang><languageCode value="eng"/><countryCode value="USA" Sync="TRUE"/></dataLang><dataChar><CharSetCd value="004"/></dataChar><envirDesc Sync="TRUE">Microsoft Windows 7 Version 6.1 (Build 7601) Service Pack 1; ESRI ArcGIS 10.0.3.3600</envirDesc><dataExt xmlns=""><geoEle xmlns=""><GeoBndBox esriExtentType="search"><exTypeCode Sync="TRUE">1</exTypeCode><westBL Sync="TRUE">-97.269689</westBL><eastBL Sync="TRUE">-89.397194</eastBL><northBL Sync="TRUE">49.403805</northBL><southBL Sync="TRUE">43.435423</southBL></GeoBndBox></geoEle></dataExt><tpCat><TopicCatCd value="003"/></tpCat></dataIdInfo><mdMaint xmlns=""><maintFreq><MaintFreqCd value="009"/></maintFreq></mdMaint><eainfo><detailed Name="vtd2013general" xmlns=""><enttyp><enttypl Sync="TRUE">vtd2013general</enttypl><enttypt Sync="TRUE">Feature Class</enttypt><enttypc Sync="TRUE">4101</enttypc></enttyp><attr xmlns=""><attrlabl Sync="TRUE">FID</attrlabl><attalias Sync="TRUE">FID</attalias><attrtype Sync="TRUE">OID</attrtype><attwidth Sync="TRUE">4</attwidth><atprecis Sync="TRUE">0</atprecis><attscale Sync="TRUE">0</attscale><attrdef Sync="TRUE">Internal feature number.</attrdef><attrdefs Sync="TRUE">ESRI</attrdefs><attrdomv><udom Sync="TRUE">Sequential unique whole numbers that are automatically generated.</udom></attrdomv></attr><attr xmlns=""><attrlabl Sync="TRUE">Shape</attrlabl><attalias Sync="TRUE">Shape</attalias><attrtype Sync="TRUE">Geometry</attrtype><attwidth Sync="TRUE">0</attwidth><atprecis Sync="TRUE">0</atprecis><attscale Sync="TRUE">0</attscale><attrdef Sync="TRUE">Feature geometry.</attrdef><attrdefs Sync="TRUE">ESRI</attrdefs><attrdomv><udom Sync="TRUE">Coordinates defining the features.</udom></attrdomv></attr><attr xmlns=""><attrlabl Sync="TRUE">VTDID</attrlabl><attalias Sync="TRUE">VTDID</attalias><attrtype Sync="TRUE">String</attrtype><attwidth Sync="TRUE">15</attwidth><atprecis Sync="TRUE">0</atprecis><attscale Sync="TRUE">0</attscale><attrdef>"Vote Tabulation District"  A concatenation of "27" (state FIPS code)  + County FIPS Code + Precinct Code</attrdef></attr><attr xmlns=""><attrlabl Sync="TRUE">COUNTYNAME</attrlabl><attalias Sync="TRUE">COUNTYNAME</attalias><attrtype Sync="TRUE">String</attrtype><attwidth Sync="TRUE">50</attwidth><atprecis Sync="TRUE">0</atprecis><attscale Sync="TRUE">0</attscale></attr><attr xmlns=""><attrlabl Sync="TRUE">COUNTYCODE</attrlabl><attalias Sync="TRUE">COUNTYCODE</attalias><attrtype Sync="TRUE">String</attrtype><attwidth Sync="TRUE">5</attwidth><atprecis Sync="TRUE">0</atprecis><attscale Sync="TRUE">0</attscale><attrdef>Minnesota Counties, 1-87</attrdef></attr><attr xmlns=""><attrlabl Sync="TRUE">COUNTYFIPS</attrlabl><attalias Sync="TRUE">COUNTYFIPS</attalias><attrtype Sync="TRUE">String</attrtype><attwidth Sync="TRUE">5</attwidth><atprecis Sync="TRUE">0</atprecis><attscale Sync="TRUE">0</attscale><attrdef>3 digit county code, technically the FIPS code was withdrawn, it's now known as the ANSI code</attrdef></attr><attr xmlns=""><attrlabl Sync="TRUE">PCTCODE</attrlabl><attalias Sync="TRUE">PCTCODE</attalias><attrtype Sync="TRUE">String</attrtype><attwidth Sync="TRUE">5</attwidth><atprecis Sync="TRUE">0</atprecis><attscale Sync="TRUE">0</attscale><attrdef>Four-digit code assigned to the precinct within the Statewide Voter Registration System, unique within each county</attrdef></attr><attr xmlns=""><attrlabl Sync="TRUE">MCDCODE</attrlabl><attalias Sync="TRUE">MCDCODE</attalias><attrtype Sync="TRUE">String</attrtype><attwidth Sync="TRUE">5</attwidth><atprecis Sync="TRUE">0</atprecis><attscale Sync="TRUE">0</attscale><attrdef>Three-digit code assigned to the municipality or unorganized territory within the Statewide Voter Registration System, unique within each county. Codes of cross-county MCDs will differ between counties.</attrdef></attr><attr xmlns=""><attrlabl Sync="TRUE">MCDFIPS</attrlabl><attalias Sync="TRUE">MCDFIPS</attalias><attrtype Sync="TRUE">String</attrtype><attwidth Sync="TRUE">10</attwidth><atprecis Sync="TRUE">0</atprecis><attscale Sync="TRUE">0</attscale><attrdef>5-digit code issued by US Census for municipality or unorganized territory. For unorganized territories, may not match the U.S. Census code and/or boundary. Was officially discontinued in 2006 in favor of GNIS ID, which is the new ANSI standard.</attrdef></attr><attr xmlns=""><attrlabl Sync="TRUE">MCDGNIS</attrlabl><attalias Sync="TRUE">MCDGNIS</attalias><attrtype Sync="TRUE">String</attrtype><attwidth Sync="TRUE">10</attwidth><atprecis Sync="TRUE">0</atprecis><attscale Sync="TRUE">0</attscale><attrdef>Up to 10-digit ANSI standard ID for municipality or unorganized territory. For unorganized territories, may not match the U.S. Census code and/or boundary. </attrdef></attr><attr xmlns=""><attrlabl Sync="TRUE">CTU_TYPE</attrlabl><attalias Sync="TRUE">CTU_TYPE</attalias><attrtype Sync="TRUE">String</attrtype><attwidth Sync="TRUE">25</attwidth><atprecis Sync="TRUE">0</atprecis><attscale Sync="TRUE">0</attscale><attrdef>city = incorporated city
township = unincorporated township
unorganized = area of county that is not organized into either a city or township, and is administered by county board.</attrdef></attr><attr xmlns=""><attrlabl Sync="TRUE">PCTNAME</attrlabl><attalias Sync="TRUE">PCTNAME</attalias><attrtype Sync="TRUE">String</attrtype><attwidth Sync="TRUE">50</attwidth><atprecis Sync="TRUE">0</atprecis><attscale Sync="TRUE">0</attscale><attrdef>Name given to the precinct</attrdef></attr><attr xmlns=""><attrlabl Sync="TRUE">SHORTLABEL</attrlabl><attalias Sync="TRUE">SHORTLABEL</attalias><attrtype Sync="TRUE">String</attrtype><attwidth Sync="TRUE">25</attwidth><atprecis Sync="TRUE">0</atprecis><attscale Sync="TRUE">0</attscale><attrdef>Shortened precinct name for labeling purposes</attrdef></attr><attr xmlns=""><attrlabl Sync="TRUE">MCDNAME</attrlabl><attalias Sync="TRUE">MCDNAME</attalias><attrtype Sync="TRUE">String</attrtype><attwidth Sync="TRUE">50</attwidth><atprecis Sync="TRUE">0</atprecis><attscale Sync="TRUE">0</attscale><attrdef>Municipality (city or town) that the precinct is in, or name of the unorganized territory.  For unorganized territories, MCD name may not match the U.S. Census name and/or boundary for an MCD.</attrdef></attr><attr xmlns=""><attrlabl Sync="TRUE">WARD</attrlabl><attalias Sync="TRUE">WARD</attalias><attrtype Sync="TRUE">String</attrtype><attwidth Sync="TRUE">10</attwidth><atprecis Sync="TRUE">0</atprecis><attscale Sync="TRUE">0</attscale><attrdef>City Ward (if applicable)</attrdef></attr><attr xmlns=""><attrlabl Sync="TRUE">MNSENDIST</attrlabl><attalias Sync="TRUE">MNSENDIST</attalias><attrtype Sync="TRUE">String</attrtype><attwidth Sync="TRUE">3</attwidth><atprecis Sync="TRUE">0</atprecis><attscale Sync="TRUE">0</attscale><attrdef>Minnesota Senate District, 1-67</attrdef></attr><attr xmlns=""><attrlabl Sync="TRUE">MNLEGDIST</attrlabl><attalias Sync="TRUE">MNLEGDIST</attalias><attrtype Sync="TRUE">String</attrtype><attwidth Sync="TRUE">4</attwidth><atprecis Sync="TRUE">0</atprecis><attscale Sync="TRUE">0</attscale><attrdef>Minnesota Legislative District.  Two Legislative Districts nest within each Minnesota Senate District.  For example, Legislative Districts 1A and 1B together compose Senate District 1.  There are 67 Senate Districts and 134 Legislative Districts</attrdef></attr><attr xmlns=""><attrlabl Sync="TRUE">CONGDIST</attrlabl><attalias Sync="TRUE">CONGDIST</attalias><attrtype Sync="TRUE">String</attrtype><attwidth Sync="TRUE">2</attwidth><atprecis Sync="TRUE">0</atprecis><attscale Sync="TRUE">0</attscale><attrdef>U.S. Congressional District, 1-8</attrdef></attr><attr xmlns=""><attrlabl Sync="TRUE">CTYCOMDIST</attrlabl><attalias Sync="TRUE">CTYCOMDIST</attalias><attrtype Sync="TRUE">String</attrtype><attwidth Sync="TRUE">2</attwidth><atprecis Sync="TRUE">0</atprecis><attscale Sync="TRUE">0</attscale><attrdef>County Commissioner District.  Most counties have 5.  Anoka, Dakota, Hennepin, Olmsted, Ramsey, and St. Louis counties have 7.</attrdef></attr><attr xmlns=""><attrlabl Sync="TRUE">SWCDIST</attrlabl><attalias Sync="TRUE">SWCDIST</attalias><attrtype Sync="TRUE">String</attrtype><attwidth Sync="TRUE">5</attwidth><atprecis Sync="TRUE">0</atprecis><attscale Sync="TRUE">0</attscale><attrdef>Soil and Water Conservation Districts.  In most counties one SWCD covers the whole county.  Otter Tail, Polk and St. Louis counties have two SWCD each.  Washington County is the only county where SWCD supervisors are elected by district, not county-wide. </attrdef></attr><attr xmlns=""><attrlabl Sync="TRUE">SWCDIST_N</attrlabl><attalias Sync="TRUE">SWCDIST_N</attalias><attrtype Sync="TRUE">String</attrtype><attwidth Sync="TRUE">50</attwidth><atprecis Sync="TRUE">0</atprecis><attscale Sync="TRUE">0</attscale><attrdef>Soil and Water Conservation District Name</attrdef></attr><attr xmlns=""><attrlabl Sync="TRUE">JUDDIST</attrlabl><attalias Sync="TRUE">JUDDIST</attalias><attrtype Sync="TRUE">String</attrtype><attwidth Sync="TRUE">2</attwidth><atprecis Sync="TRUE">0</atprecis><attscale Sync="TRUE">0</attscale><attrdef>Judicial Districts, 1-10.  Are divided on a county-wide basis.</attrdef></attr><attr xmlns=""><attrlabl Sync="TRUE">PARKDIST</attrlabl><attalias Sync="TRUE">PARKDIST</attalias><attrtype Sync="TRUE">String</attrtype><attwidth Sync="TRUE">5</attwidth><atprecis Sync="TRUE">0</atprecis><attscale Sync="TRUE">0</attscale><attrdef>Park District, There are only two: Minneapolis (all territory within the City of Minneapolis) and Three Rivers (Hennepin County outside of Minneapolis)</attrdef></attr><attr xmlns=""><attrlabl Sync="TRUE">HOSPDIST_N</attrlabl><attalias Sync="TRUE">HOSPDIST_N</attalias><attrtype Sync="TRUE">String</attrtype><attwidth Sync="TRUE">50</attwidth><atprecis Sync="TRUE">0</atprecis><attscale Sync="TRUE">0</attscale><attrdef>Hospital District Name</attrdef></attr><attr xmlns=""><attrlabl Sync="TRUE">HOSPDIST</attrlabl><attalias Sync="TRUE">HOSPDIST</attalias><attrtype Sync="TRUE">String</attrtype><attwidth Sync="TRUE">5</attwidth><atprecis Sync="TRUE">0</atprecis><attscale Sync="TRUE">0</attscale><attrdef>Hospital Districts
310 - Canby Community
320 - Cannon Falls
340 - Cook County
350 - Cuyuna Range
360 - Cook-Orr
410 - Dawson Area
710 - Glacial Ridge
720 - Lakewood
1320 - Milaca Area
1330 - Monticello-Big Lake Community
1340 - Moose Lake Community
1410 - North Pine Area
1420 - North Suburban
1430 - Northern Itasca
1620 - Paynesville Area
1640 - Perham
2110 - United</attrdef></attr><attr xmlns=""><attrlabl Sync="TRUE">PARKDIST_N</attrlabl><attalias Sync="TRUE">PARKDIST_N</attalias><attrtype Sync="TRUE">String</attrtype><attwidth Sync="TRUE">50</attwidth><atprecis Sync="TRUE">0</atprecis><attscale Sync="TRUE">0</attscale><attrdef>Park District Name</attrdef></attr><attr xmlns=""><attrlabl Sync="TRUE">Shape_Leng</attrlabl><attalias Sync="TRUE">Shape_Leng</attalias><attrtype Sync="TRUE">Double</attrtype><attwidth Sync="TRUE">19</attwidth><atprecis Sync="TRUE">0</atprecis><attscale Sync="TRUE">0</attscale></attr><attr xmlns=""><attrlabl Sync="TRUE">Shape_Area</attrlabl><attalias Sync="TRUE">Shape_Area</attalias><attrtype Sync="TRUE">Double</attrtype><attwidth Sync="TRUE">19</attwidth><atprecis Sync="TRUE">0</atprecis><attscale Sync="TRUE">0</attscale><attrdef Sync="TRUE">Area of feature in internal units squared.</attrdef><attrdefs Sync="TRUE">ESRI</attrdefs><attrdomv><udom Sync="TRUE">Positive real numbers that are automatically generated.</udom></attrdomv></attr></detailed></eainfo><distInfo xmlns=""><distFormat xmlns=""><formatName Sync="TRUE">Shapefile</formatName></distFormat><distTranOps xmlns=""><transSize Sync="TRUE">10.038</transSize></distTranOps></distInfo><mdHrLvName Sync="TRUE">dataset</mdHrLvName><refSysInfo><RefSystem><refSysID><identCode code="26915" Sync="TRUE" value="26915"/><idCodeSpace Sync="TRUE">EPSG</idCodeSpace><idVersion Sync="TRUE">7.4.1</idVersion></refSysID></RefSystem></refSysInfo><spatRepInfo><VectSpatRep><geometObjs Name="vtd2013general"><geoObjTyp><GeoObjTypCd value="002" Sync="TRUE"></GeoObjTypCd></geoObjTyp><geoObjCnt Sync="TRUE">4101</geoObjCnt></geometObjs><topLvl><TopoLevCd value="001" Sync="TRUE"></TopoLevCd></topLvl></VectSpatRep></spatRepInfo><spdoinfo><ptvctinf><esriterm><efeatyp Sync="TRUE">Simple</efeatyp><efeageom code="4" Sync="TRUE"></efeageom><esritopo Sync="TRUE">FALSE</esritopo><efeacnt Sync="TRUE">4101</efeacnt><spindex Sync="TRUE">TRUE</spindex><linrefer Sync="TRUE">FALSE</linrefer></esriterm></ptvctinf></spdoinfo><mdDateSt Sync="TRUE">20131028</mdDateSt></metadata>
