<metadata><idinfo><citation><citeinfo><origin>State of Delaware Department of Elections</origin><pubdate>6/22/2012</pubdate><pubtime>Unknown</pubtime><title>2012 State of Delaware Election District Boundaries</title><edition>N/A</edition><geoform>vector digital data</geoform><ftname Sync="TRUE">ED_RD_2012</ftname><onlink Sync="TRUE">GDE\vector\SHP\out\ED_RD_2012.shp</onlink></citeinfo></citation><descript><abstract>2012 State of Delaware Election District Boundaries</abstract><purpose>Election districts for the State of Delaware</purpose><supplinf>None</supplinf><langdata Sync="TRUE">en</langdata></descript><timeperd><timeinfo><sngdate><caldate>6/22/2012</caldate><time>unknown</time></sngdate></timeinfo><current>publication date</current></timeperd><status><progress>Complete</progress><update>10 years</update></status><spdom><bounding><westbc>168045.937182</westbc><eastbc>237728.151723</eastbc><northbc>204220.825464</northbc><southbc>50101.864592</southbc></bounding></spdom><keywords><theme><themekt>Legislative</themekt><themekey>Election Districts</themekey><themekey>Election Boundaries</themekey></theme><place><placekt>Delaware</placekt><placekey>State of Delaware</placekey></place></keywords><accconst>None</accconst><useconst>None</useconst><ptcontac><cntinfo><cntorgp><cntorg>State of Delaware Department of Elections</cntorg><cntper>State of Delaware Department of Elections</cntper></cntorgp><cntvoice>(302)739-4277</cntvoice><cntemail>COE_VOTE@state.de.us</cntemail></cntinfo></ptcontac><datacred>State of Delaware, Department of Elections</datacred><secinfo><secclass>Unclassified</secclass></secinfo><native>Unknown</native><crossref><citeinfo><origin>State of Delaware Department of Elections</origin><pubdate>6/22/2012</pubdate><pubtime>Unknown</pubtime><title>State of Delaware Election District Boundaries</title><geoform>vector digital data</geoform></citeinfo></crossref><natvform Sync="TRUE">Shapefile</natvform></idinfo><spdoinfo><direct>Vector</direct><ptvctinf><sdtsterm Name="ED_RD_2012"><sdtstype>G-polygon</sdtstype><ptvctcnt>0</ptvctcnt></sdtsterm><esriterm Name="ED_RD_2012"><efeatyp Sync="TRUE">Simple</efeatyp><efeageom Sync="TRUE">Polygon</efeageom><esritopo Sync="TRUE">FALSE</esritopo><efeacnt Sync="TRUE">0</efeacnt><spindex Sync="TRUE">FALSE</spindex><linrefer Sync="TRUE">FALSE</linrefer></esriterm></ptvctinf></spdoinfo><spref><horizsys><planar><planci><plance>coordinate pair</plance><coordrep><absres>0.000100</absres><ordres>0.000100</ordres></coordrep><plandu>meters</plandu></planci><mapproj><mapprojn Sync="TRUE">Transverse Mercator</mapprojn><transmer><sfctrmer Sync="TRUE">0.999995</sfctrmer><longcm Sync="TRUE">-75.416667</longcm><latprjo Sync="TRUE">38.000000</latprjo><feast Sync="TRUE">200000.000000</feast><fnorth Sync="TRUE">0.000000</fnorth></transmer></mapproj></planar><geodetic><horizdn>North American Datum of 1983</horizdn><ellips>Geodetic Reference System 80</ellips><semiaxis>6378137.000000</semiaxis><denflat>298.257222</denflat></geodetic><cordsysn><geogcsn Sync="TRUE">GCS_North_American_1983_HARN</geogcsn><projcsn Sync="TRUE">NAD_1983_HARN_StatePlane_Delaware_FIPS_0700</projcsn></cordsysn></horizsys><vertdef><altsys><altres>1.000000</altres><altenc>Explicit elevation coordinate included with horizontal coordinates</altenc></altsys></vertdef></spref><eainfo><detailed Name="ED_RD_2012"><enttyp><enttypl>
DATA_PROD.ED_RD_2012</enttypl><enttypt Sync="TRUE">Feature Class</enttypt><enttypc Sync="TRUE">0</enttypc></enttyp><attr><attrlabl Sync="TRUE">FID</attrlabl><attalias Sync="TRUE">FID</attalias><attrtype Sync="TRUE">OID</attrtype><attwidth Sync="TRUE">4</attwidth><atprecis Sync="TRUE">0</atprecis><attscale Sync="TRUE">0</attscale><attrdef Sync="TRUE">Internal feature number.</attrdef><attrdefs Sync="TRUE">ESRI</attrdefs><attrdomv><udom Sync="TRUE">Sequential unique whole numbers that are automatically generated.</udom></attrdomv></attr><attr><attrlabl>Shape</attrlabl><attrdef>Feature geometry.</attrdef><attrdefs>ESRI</attrdefs><attrdomv><udom>Coordinates defining the features.</udom></attrdomv><attalias Sync="TRUE">Shape</attalias><attrtype Sync="TRUE">Geometry</attrtype><attwidth Sync="TRUE">0</attwidth><atprecis Sync="TRUE">0</atprecis><attscale Sync="TRUE">0</attscale></attr><attr><attrlabl>ID</attrlabl><attalias Sync="TRUE">ID</attalias><attrtype Sync="TRUE">Number</attrtype><attwidth Sync="TRUE">10</attwidth></attr><attr><attrlabl Sync="TRUE">AREA</attrlabl><attalias Sync="TRUE">AREA</attalias><attrtype Sync="TRUE">Number</attrtype><attwidth Sync="TRUE">11</attwidth><atnumdec Sync="TRUE">2</atnumdec></attr><attr><attrlabl>EDRD_2012</attrlabl><attalias Sync="TRUE">EDRD_2012</attalias><attrtype Sync="TRUE">String</attrtype><attwidth Sync="TRUE">5</attwidth></attr><attr><attrlabl>POPULATION</attrlabl><attalias Sync="TRUE">POPULATION</attalias><attrtype Sync="TRUE">Number</attrtype><attwidth Sync="TRUE">11</attwidth></attr><attr><attrlabl Sync="TRUE">SHAPE_AREA</attrlabl><attalias Sync="TRUE">SHAPE_AREA</attalias><attrtype Sync="TRUE">Float</attrtype><attwidth Sync="TRUE">19</attwidth><attrdef Sync="TRUE">Area of feature in internal units squared.</attrdef><attrdefs Sync="TRUE">ESRI</attrdefs><attrdomv><udom Sync="TRUE">Positive real numbers that are automatically generated.</udom></attrdomv><atnumdec Sync="TRUE">11</atnumdec></attr><attr><attrlabl Sync="TRUE">SHAPE_LEN</attrlabl><attalias Sync="TRUE">SHAPE_LEN</attalias><attrtype Sync="TRUE">Float</attrtype><attwidth Sync="TRUE">19</attwidth><atnumdec Sync="TRUE">11</atnumdec></attr></detailed></eainfo><distinfo><distrib><cntinfo><cntorgp><cntorg>State of Delaware Department of Elections</cntorg><cntper>State of Delaware Department of Elections</cntper></cntorgp><cntvoice>(302)739-4277</cntvoice><cntemail>COE_VOTE@state.de.us</cntemail></cntinfo></distrib><resdesc>2012 State of Delaware Election District Boundaries</resdesc><stdorder><digform><digtinfo><transize Sync="TRUE">0.000</transize><dssize Sync="TRUE">0.000</dssize></digtinfo></digform></stdorder></distinfo><metainfo><metd>20120622</metd><metstdn>FGDC Content Standards for Digital Geospatial Metadata</metstdn><metstdv>FGDC-STD-001-1998</metstdv><mettc>local time</mettc><metextns><onlink>http://www.esri.com/metadata/esriprof80.html</onlink><metprof>ESRI Metadata Profile</metprof></metextns><langmeta Sync="TRUE">en</langmeta><metextns><onlink Sync="TRUE">http://www.esri.com/metadata/esriprof80.html</onlink><metprof Sync="TRUE">ESRI Metadata Profile</metprof></metextns></metainfo><dataIdInfo><envirDesc Sync="TRUE">Microsoft Windows Vista Version 6.0 (Build 6002) Service Pack 2; ESRI ArcCatalog 9.3.1.3500</envirDesc><dataLang><languageCode Sync="TRUE" value="en" /></dataLang><idCitation><resTitle Sync="TRUE">ED_RD_2012</resTitle><presForm><PresFormCd Sync="TRUE" value="005" /></presForm></idCitation><spatRpType><SpatRepTypCd Sync="TRUE" value="001" /></spatRpType></dataIdInfo><mdLang><languageCode Sync="TRUE" value="en" /></mdLang><mdStanName Sync="TRUE">ISO 19115 Geographic Information - Metadata</mdStanName><mdStanVer Sync="TRUE">DIS_ESRI1.0</mdStanVer><mdChar><CharSetCd Sync="TRUE" value="004" /></mdChar><mdHrLv><ScopeCd Sync="TRUE" value="005" /></mdHrLv><mdHrLvName Sync="TRUE">dataset</mdHrLvName><distInfo><distributor><distorTran><onLineSrc><orDesc Sync="TRUE">002</orDesc><protocol Sync="TRUE">Local Area Network</protocol></onLineSrc><transSize Sync="TRUE">0.000</transSize></distorTran><distorFormat><formatName Sync="TRUE">Shapefile</formatName></distorFormat></distributor></distInfo><refSysInfo><RefSystem><refSysID><identCode Sync="TRUE">NAD_1983_HARN_StatePlane_Delaware_FIPS_0700</identCode></refSysID></RefSystem></refSysInfo><spatRepInfo><VectSpatRep><topLvl><TopoLevCd Sync="TRUE" value="001" /></topLvl><geometObjs Name="ED_RD_2012"><geoObjTyp><GeoObjTypCd Sync="TRUE" value="001" /></geoObjTyp><geoObjCnt Sync="TRUE">0</geoObjCnt></geometObjs></VectSpatRep></spatRepInfo><Esri><SyncDate>20120626</SyncDate><SyncTime>11310000</SyncTime><ModDate>20120626</ModDate><ModTime>11310000</ModTime><DataProperties><lineage /></DataProperties></Esri><mdDateSt Sync="TRUE">20120626</mdDateSt></metadata>